"nombre_archivo","carpeta_origen","tecnica","fecha","codigo_participante","tipo_participante","id_evidencia","formato_ext","duracion","codec","tamano_bytes","hash_sha256"
"2026-05-17_PropietarioMascota_PROP-01_Entrevista.mp3","Audio","Entrevista_Audio","2026-05-17","PROP-01","PropietarioMascota","EV-01","MP3","00:04:58","MP3","4769062","0C73DCA1F0B44F7BF4B9195A3592A7B32A2EFC124D889DE803BD457FD5FE8DF8"
"2026-05-17_PropietarioMascota_PROP-02_Entrevista.mp3","Audio","Entrevista_Audio","2026-05-17","PROP-02","PropietarioMascota","EV-02, EV-20","MP3","00:06:32","MP3","6822418","EB46C71771A2D5F02B29C4769C51518F04E00987E4360626AACACB82574947C8"
"2026-05-17_Veterinaria_VET-01_Entrevista.mp3","Audio","Entrevista_Audio","2026-05-17","VET-01","Veterinaria","EV-03","MP3","00:26:37","MP3","11182425","0112748ECF07C237F4061DFC12281C924CDCA9B32A03FBE7358D05B4AA899F77"
"2026-05-17_Veterinario_VET-02_Entrevista.mp3","Audio","Entrevista_Audio","2026-05-17","VET-02","Veterinario","EV-04","MP3","00:17:26","MP3","25124724","95226D10A8B800D527A06AF2575ECB4B5CF31B2D41F10D7864DCAC6BE20EE834"
"2026-05-29_Veterinario_VET-03_Entrevista.mp3","Audio","Entrevista_Audio","2026-05-29","VET-03","Veterinario","EV-05","MP3","00:10:10","MP3","9769876","B5000B44FD13092548E6F339AA2EC5F2E462C508AF55E7E4465CFC02B0BB5027"
"2026-06-14_PropietarioMascota_PROP-03_Entrevista.mp3","Audio","Entrevista_Audio","2026-06-14","PROP-03","PropietarioMascota","EV-06","MP3","00:05:39","MP3","4416405","7EF426A5C42E0BEF77474AF5B50E7100FAA821A9722383B126F02F649FDB360C"
"2026-07-23_PropietarioMascota_PROP-08_Entrevista.mp3","Audio","Entrevista_Audio","2026-07-23","PROP-08","PropietarioMascota","EV-13, EV-19","MP3","00:15:42","MP3","15076756","34E2959FA9F6C0BF91CCA6C61DA021F61059B375EBACCAABFD20511787FCC72C"
"2026-07-24_PropietarioMascota_PROP-06_Entrevista.mp3","Audio","Entrevista_Audio","2026-07-24","PROP-06","PropietarioMascota","EV-11","MP3","00:14:51","MP3","11234565","D70CEAA2A6FE783AABA2D09730A8D0BF6355DEF413C126557B7D291DBFCE5F8B"
"2026-07-25_PropietarioMascota_PROP-09_Entrevista.mp3","Audio","Entrevista_Audio","2026-07-25","PROP-09","PropietarioMascota","EV-14","MP3","00:27:11","MP3","39167510","3CC86FEE97B19DCB74D95D4DC45A5B2EFA873CEF8FFA46D9ED23E25476AAC9A3"
"2026-07-25_Veterinario_VET-05_Entrevista.mp3","Audio","Entrevista_Audio","2026-07-25","VET-05","Veterinario","EV-16","MP3","00:22:28","MP3","21576340","F084663CAE45314E3756DFC18EB58293060305B94B52FCD87AF82F434E7AB71A"
"2026-07-26_PropietarioMascota_PROP-04_Entrevista.mp3","Audio","Entrevista_Audio","2026-07-26","PROP-04","PropietarioMascota","EV-09","MP3","00:21:27","MP3","20596762","0EFD8DFFDAC24BAFD7AD61B022C31E58A610E7A4076B69B62FA1753BBB185ADB"
"2026-07-26_PropietarioMascota_PROP-05_Entrevista.mp3","Audio","Entrevista_Audio","2026-07-26","PROP-05","PropietarioMascota","EV-10","MP3","00:18:47","MP3","18037402","E29444CB174D9F09C8139936E9A3B52A1C2EA58A7AE2FCFCBA57B2C55E79B4FE"
"2026-07-26_PropietarioMascota_PROP-07_Entrevista.mp3","Audio","Entrevista_Audio","2026-07-26","PROP-07","PropietarioMascota","EV-12","MP3","00:09:38","MP3","13894997","F122983B1C2CEB12963483A11EDD2F50CF2AC4CB111A8D3736F6278942BA9B38"
"2026-07-26_PropietarioMascota_PROP-10_Entrevista.mp3","Audio","Entrevista_Audio","2026-07-26","PROP-10","PropietarioMascota","EV-17","MP3","00:16:23","MP3","15735891","A0E9C9E83445CAC8F51531BDBAF13C172A48323F5B2D5C3F7ECF1110DA11F02A"
"2026-07-26_PropietarioMascota_PROP-11_Entrevista.mp3","Audio","Entrevista_Audio","2026-07-26","PROP-11","PropietarioMascota","EV-18","MP3","00:13:04","MP3","12548116","60111E5A5188B6AA3783E9C3962D5B8F114A537201A62E9BFABF505EE952DE12"
"2026-07-27_Veterinario_VET-04_Entrevista.mp3","Audio","Entrevista_Audio","2026-07-27","VET-04","Veterinario","EV-15, EV-21","MP3","00:18:03","MP3","17331347","43E11D1EF58BA9E808B705A588ACD833C1CC3DEF354B6F315BA4008D6C475A11"
"2026-08-13_Veterinario_VET-07_Entrevista.mp3","Audio","Entrevista_Audio","2026-08-13","VET-07","Veterinario","EV-23","MP3","00:15:59","MP3","19498299","D613712E220537D211F8E2F826685EB60EB666ECF378204722C77199404998AE"
"2026-08-14_PropietarioMascota_PROP-12_Entrevista.mp3","Audio","Entrevista_Audio","2026-08-14","PROP-12","PropietarioMascota","EV-24","MP3","00:16:31","MP3","15859348","D53E647FA6BC5A4A0CDDEDC598502D811AE067979D3E95BBD8B4474C422546DE"
"2026-05-17_PropietarioMascota_PROP-01_Consentimiento.jpeg","Consentimientos","Consentimiento","2026-05-17","PROP-01","PropietarioMascota","EV-01","JPEG","N/A","N/A","108709","920F5A2AA95A2171AAF71E0FBC64012EFCADB310D5AA98B980BB7FC7D80FE52F"
"2026-05-17_PropietarioMascota_PROP-02_Consentimiento.jpeg","Consentimientos","Consentimiento","2026-05-17","PROP-02","PropietarioMascota","EV-02, EV-20","JPEG","N/A","N/A","1116132","56419E19F2381BA18F2BE5845E99A19603E1C79AC10FDE61DE013788DDE35F16"
"2026-05-17_Veterinario_VET-01_Consentimiento.jpeg","Consentimientos","Consentimiento","2026-05-17","VET-01","Veterinario","EV-03","JPEG","N/A","N/A","581651","2E42D4463E2631012CBDC2B42508A3824F630A65CBF564537B5E2DDB08C06E5A"
"2026-05-17_Veterinario_VET-02_Consentimiento.png","Consentimientos","Consentimiento","2026-05-17","VET-02","Veterinario","EV-04","PNG","N/A","N/A","168030","446226150FE0C545728C7E21463F597BF8D13E14A2FFDB68810B679B94AAD358"
"2026-05-29_Veterinario_VET-03_Consentimiento.png","Consentimientos","Consentimiento","2026-05-29","VET-03","Veterinario","EV-05","PNG","N/A","N/A","823698","0725F159B1FA8BCB91E97300A1847CE1C87FA812D4DF23036B5F3E7BB79B1BF4"
"2026-06-14_PropietarioMascota_PROP-03_Consentimiento.png","Consentimientos","Consentimiento","2026-06-14","PROP-03","PropietarioMascota","EV-06","PNG","N/A","N/A","169376","70DB2DDE5982EB1CF8F3CBDC09E95B8CBBE8036A7ACE53A30AA2AA1C6D5D9FD7"
"2026-07-23_PropietarioMascota_PROP-08_Consentimiento.jpeg","Consentimientos","Consentimiento","2026-07-23","PROP-08","PropietarioMascota","EV-13, EV-19","JPEG","N/A","N/A","156568","F26DEBE85ABCCC8BEA88E97EB0C2D8DD221BCEB575399394BA3CFF8ED48D1F01"
"2026-07-24_PropietarioMascota_PROP-06_Consentimiento.png","Consentimientos","Consentimiento","2026-07-24","PROP-06","PropietarioMascota","EV-11","PNG","N/A","N/A","1643827","D6AFF2B170DABF9D388126A0912EDEAAF264319C57DD93F29D3997DD210CDBC7"
"2026-07-25_Veterinario_VET-05_Consentimiento.jpg","Consentimientos","Consentimiento","2026-07-25","VET-05","Veterinario","EV-16","JPG","N/A","N/A","150906","629E657BCD3EA8FFF807602B7121A542DA54126AE15FC76674DA5B49BE19018D"
"2026-07-26_PropietarioMascota_PROP-04_Consentimiento.jpg","Consentimientos","Consentimiento","2026-07-26","PROP-04","PropietarioMascota","EV-09","JPG","N/A","N/A","608515","58E69E20A60A7C191FDC9EBC2623B0D66B0F51F936598548ADEEDB1379EBCCE3"
"2026-07-26_PropietarioMascota_PROP-05_Consentimiento.jpg","Consentimientos","Consentimiento","2026-07-26","PROP-05","PropietarioMascota","EV-10","JPG","N/A","N/A","625176","F99ECA5DD93C0B4F5B3BCB68B09F0285B31161A8A1B6129119B792A16772A281"
"2026-07-26_PropietarioMascota_PROP-07_Consentimiento.jpeg","Consentimientos","Consentimiento","2026-07-26","PROP-07","PropietarioMascota","EV-12","JPEG","N/A","N/A","1073650","516367E08E5516B2452FB45EE269A5BA6DBE5D798303B227D8CBD79D66BAA05E"
"2026-07-26_PropietarioMascota_PROP-10_Consentimiento.jpeg","Consentimientos","Consentimiento","2026-07-26","PROP-10","PropietarioMascota","EV-17","JPEG","N/A","N/A","370656","6252AA3AC2AAD66848432FF9B71E91108E5EF4AD7F5437B7CBD3E15349116D62"
"2026-07-26_PropietarioMascota_PROP-11_Consentimiento.jpeg","Consentimientos","Consentimiento","2026-07-26","PROP-11","PropietarioMascota","EV-18","JPEG","N/A","N/A","129834","F88925235C1E57D91CDEF5B99A1CA6E0A3D45820AD1ADB30E06C7AF3BA1EC2CD"
"2026-07-27_PropietarioMascota_PROP-09_Consentimiento.jpeg","Consentimientos","Consentimiento","2026-07-27","PROP-09","PropietarioMascota","EV-14","JPEG","N/A","N/A","577912","32B86D0BC6F191C8898AE4251F5D97B7DA7951EB2107F8C0990ED629F4E10A6A"
"2026-07-27_Veterinario_VET-04_Consentimiento.png","Consentimientos","Consentimiento","2026-07-27","VET-04","Veterinario","EV-15, EV-21","PNG","N/A","N/A","1597031","4CEA1FAE6076635B3A499B2D02FF7F73DEA12AFD703FFB5A925ACA1CA649E4BB"
"2026-08-13_Veterinario_VET-07_Consentimiento.jpeg","Consentimientos","Consentimiento","2026-08-13","VET-07","Veterinario","EV-23","JPEG","N/A","N/A","258344","E6A67A5A86E555DE7A4728EF03C55B5AE9402463AAECE7443BD83F9D60DD901C"
"2026-08-14_PropietarioMascota_PROP-12_Consentimiento.jpg","Consentimientos","Consentimiento","2026-08-14","PROP-12","PropietarioMascota","EV-24","JPG","N/A","N/A","236361","57049B578B341196DBFE3A1972D64BC7F5B3AD5EFB05A5B311A321A83BF36544"
"2026-07-27_DocOrg_CartillaVacunacion.pdf","Documentos_Organizacion","DocumentoOrganizacion","2026-07-27","OBS-01","Organizacion","EV-08","PDF","N/A","N/A","1385430","C02115740B78E844B881DAF924AF07A56BCB1D61C319572EBF3267300E53A79B"
"2026-07-27_DocOrg_ControlDesparasitacion.pdf","Documentos_Organizacion","DocumentoOrganizacion","2026-07-27","OBS-01","Organizacion","EV-08","PDF","N/A","N/A","16250204","600931B871B55CF50175353E9137076C974F58AFB0B1A0593FA43C660BB22EFF"
"2026-07-27_DocOrg_Hemograma.pdf","Documentos_Organizacion","DocumentoOrganizacion","2026-07-27","OBS-01","Organizacion","EV-08","PDF","N/A","N/A","225010","D88C47F444B4D481DAE10AE0481D20E50DDFF8FE1A719DA751CDB1A8FACF63D0"
"2026-07-27_DocOrg_OrdenExamen.pdf","Documentos_Organizacion","DocumentoOrganizacion","2026-07-27","OBS-01","Organizacion","EV-08","PDF","N/A","N/A","98100","C0BB3E6C3F9DEE9ED8B9B1FBF7A7C94E079A3A1BB397CD1F91CE846C025681B0"
"2026-07-27_DocOrg_RecetaVacunacion.pdf","Documentos_Organizacion","DocumentoOrganizacion","2026-07-27","OBS-01","Organizacion","EV-08","PDF","N/A","N/A","4667682","40E5971C38F94F52BA7C8A817AE5DBECB937E82F51D55A5979F182B4B025B583"
"2026-08-23_MemberChecking_PROP-02-PROP-10-PROP-03_Grabacion.mp4","Member_Checking","MemberChecking","2026-08-23","PROP-02","Multiple","EV-02, EV-20","MP4","00:04:39","H264","214935449","3DC946359D68E6B3DFBC064983D0ED4BE0B2D0BD5C51A3C0A0A76ED7E5ADA587"
"2026-07-27_PropietarioMascota_PROP-02_ValidacionWalkthrough.mp4","Validacion_Walkthrough","ValidacionWalkthrough","2026-07-27","PROP-02","PropietarioMascota","EV-02, EV-20","MP4","00:16:11","H264","748644232","2715F5C3A5171224EDBFE7C3F35700925AD12F7D8825FD5B2465A6A6076EAB55"
"2026-07-27_PropietarioMascota_PROP-08_ValidacionWalkthrough.mp4","Validacion_Walkthrough","ValidacionWalkthrough","2026-07-27","PROP-08","PropietarioMascota","EV-13, EV-19","MP4","00:25:41","H264","296433148","FEB7DE583244BFE459F962EE98E3926184D67080F6FA745ED2EF4A416B7FD726"
"2026-07-27_Veterinario_VET-04_ValidacionWalkthrough.mp4","Validacion_Walkthrough","ValidacionWalkthrough","2026-07-27","VET-04","Veterinario","EV-15, EV-21","MP4","00:12:09","H264","561908902","B0CC5DF142606CE8B3215ED01AD99E9F58AE243DC1A3DC5885B5707E40B3E2DF"
"2026-08-02_Veterinario_VET-06_ValidacionWalkthrough.mp4","Validacion_Walkthrough","ValidacionWalkthrough","2026-08-02","VET-06","Veterinario","EV-22","MP4","00:13:05","H264","236472976","89736E982F87CFA174F4D4A6DA9C7F3CF09BC46618727461E8ABB30370AA0A0E"
"2026-08-14_PropietarioMascota_PROP-12_ValidacionWalkthrough.mp4","Validacion_Walkthrough","ValidacionWalkthrough","2026-08-14","PROP-12","PropietarioMascota","EV-24","MP4","00:22:18","H264","256107258","BCB624AEFA8187D36AA8EF7F9EF524D42CB7ECDD1FF9AA286641DC02CDC48526"
"2026-08-14_Veterinario_VET-07_ValidacionWalkthrough.mp4","Validacion_Walkthrough","ValidacionWalkthrough","2026-08-14","VET-07","Veterinario","EV-23","MP4","00:13:52","H264","641237408","C14F3D5129175B6DBFAC10A6444B326863C84FEB19C8C8BC849FC271A41A9725"
"Acta_Walkthrough_PROP-02_UsuarioNoTecnico.pdf","Validacion_Walkthrough","ActaWalkthrough","N/A","PROP-02","N/A","EV-02, EV-20","PDF","N/A","N/A","513326","317E1B3FE973D70A585BF091BBF0ABFB1E20D16BF9B7415A426668B698378A43"
"Acta_Walkthrough_PROP-08_UsuarioNoTecnico.pdf","Validacion_Walkthrough","ActaWalkthrough","N/A","PROP-08","N/A","EV-13, EV-19","PDF","N/A","N/A","735925","7260C138B298F76FB8A032E8CF02912546C2D9F3B18B80333C35A0BE993B6BBE"
"Acta_Walkthrough_PROP-12_UsuarioNoTecnico.pdf","Validacion_Walkthrough","ActaWalkthrough","N/A","PROP-12","N/A","EV-24","PDF","N/A","N/A","342404","F2493DF0A623E1665E071DD65040B880A7342DADF0C16942608AB4A4D1693B7B"
"Acta_Walkthrough_VET-04_UsuarioTecnico.pdf","Validacion_Walkthrough","ActaWalkthrough","N/A","VET-04","N/A","EV-15, EV-21","PDF","N/A","N/A","1577971","817AD11AE1F0AEC8BDEE8F55C5A74C5E892B560E90B578F96441B46D514449FF"
"Acta_Walkthrough_VET-06_UsuarioTecnico.pdf","Validacion_Walkthrough","ActaWalkthrough","N/A","VET-06","N/A","EV-22","PDF","N/A","N/A","653616","E30F7DD39EEC9E3EA91B692EEFB0CEF40FF58498052E56478E25ADBBBFFCD4CA"
"Acta_Walkthrough_VET-07_UsuarioTecnico.pdf","Validacion_Walkthrough","ActaWalkthrough","N/A","VET-07","N/A","EV-23","PDF","N/A","N/A","224288","7561CFBC0E0DE15D592D3B50A6EE86D6F440512CA6BAE6109A50D9C421C83A27"
"2026-05-17_PropietarioMascota_PROP-01_Entrevista.mp4","Video","Entrevista_Video","2026-05-17","PROP-01","PropietarioMascota","EV-01","MP4","00:04:57","H264","8395436","2851E1D13CDE0D2A3601A1357C7848720878ACAD6F6682121DAF6ACE66A07D9B"
"2026-05-17_PropietarioMascota_PROP-02_Entrevista.mp4","Video","Entrevista_Video","2026-05-17","PROP-02","PropietarioMascota","EV-02, EV-20","MP4","00:06:32","H264","302448331","7F5B669CFBF271E736684F2B416D1DE744A35F3EE062467DB363514CF9B8911E"
"2026-05-17_Veterinario_VET-01_Entrevista.mp4","Video","Entrevista_Video","2026-05-17","VET-01","Veterinario","EV-03","MP4","00:26:37","H264","1231480100","13BA3EE4B6CAE721203C58BE3FE8BDE05A347DBC5A923452C593AE2ED96D3802"
"2026-05-17_Veterinario_VET-02_Entrevista.mp4","Video","Entrevista_Video","2026-05-17","VET-02","Veterinario","EV-04","MP4","00:17:26","H264","807087862","7F8375E6AAAD491EC78D77F4491CB97A7A1345D39EAA7862FE8786BD4784F0B9"
"2026-05-29_Veterinario_VET-03_Entrevista.mp4","Video","Entrevista_Video","2026-05-29","VET-03","Veterinario","EV-05","MP4","00:10:10","H264","25418865","3AFAB55437C382F8609F7A04E16BC5921AAA062BC2837FD046DF5C5EBCF6D858"
"2026-06-14_PropietarioMascota_PROP-03_Entrevista.mp4","Video","Entrevista_Video","2026-06-14","PROP-03","PropietarioMascota","EV-06","MP4","00:05:30","H264","23207928","C3620BC71CD41C5EF3FEDC24529F32446A05CE7B30F0FD4F25EDB1E909A81FBB"
"2026-07-23_PropietarioMascota_PROP-08_Entrevista.mp4","Video","Entrevista_Video","2026-07-23","PROP-08","PropietarioMascota","EV-13, EV-19","MP4","00:15:42","H264","558936134","6C09CBB9ECC32121E5FB674AC477DCC9C85E8D8D871138E8CEFAA8EA3EB331B8"
"2026-07-24_PropietarioMascota_PROP-06_Entrevista.mp4","Video","Entrevista_Video","2026-07-24","PROP-06","PropietarioMascota","EV-11","MP4","00:14:52","H264","221799404","958DF961699CA465D4A7606D0B46C3B109C2806B5A9DA7F8BDE2F14ECE2C81D7"
"2026-07-25_PropietarioMascota_PROP-09_Entrevista.mp4","Video","Entrevista_Video","2026-07-25","PROP-09","PropietarioMascota","EV-14","MP4","00:27:11","H264","77803313","C905C207F4E945888B23EB8DFD3A6069F695DB122254D8B1928AAB80E569AC79"
"2026-07-25_Veterinario_VET-05_Entrevista.mp4","Video","Entrevista_Video","2026-07-25","VET-05","Veterinario","EV-16","MP4","00:22:28","H264","485014917","73308C3645DB8798732E1502B599AFB139963E78C07477EFB4EED257C31AB8EE"
"2026-07-26_PropietarioMascota_PROP-04_Entrevista.mp4","Video","Entrevista_Video","2026-07-26","PROP-04","PropietarioMascota","EV-09","MP4","00:21:27","H264","992533991","D96C56A04E8AC82A00F0D69FA7CDC29BFBD9B431175314F2ADEE2E3D6B080A8B"
"2026-07-26_PropietarioMascota_PROP-05_Entrevista.mp4","Video","Entrevista_Video","2026-07-26","PROP-05","PropietarioMascota","EV-10","MP4","00:18:47","H264","869122390","7D51BA7EF124D2888EF0840248B10FE6E4B363129906684ACF822D846F17DC63"
"2026-07-26_PropietarioMascota_PROP-07_Entrevista.mp4","Video","Entrevista_Video","2026-07-26","PROP-07","PropietarioMascota","EV-12","MP4","00:09:38","H264","446494507","03A475DA30F082309A646670718EC6EFDE459A8C5A60CF660E58CEF2DE245F58"
"2026-07-26_PropietarioMascota_PROP-10_Entrevista.mp4","Video","Entrevista_Video","2026-07-26","PROP-10","PropietarioMascota","EV-17","MP4","00:16:23","H264","242497409","0D7E1B506676CC710AD59379F11D05A4B9240BB92DEE9A28FBD55D42B743458C"
"2026-07-26_PropietarioMascota_PROP-11_Entrevista.mp4","Video","Entrevista_Video","2026-07-26","PROP-11","PropietarioMascota","EV-18","MP4","00:13:04","H264","189921563","71636EA2E3AD98CD7E4FEF4B65B25A01E9612B605041F986A4E4175E5BFFFC90"
"2026-07-27_Veterinario_VET-04_Entrevista.mp4","Video","Entrevista_Video","2026-07-27","VET-04","Veterinario","EV-15, EV-21","MP4","00:18:05","H264","174597895","98507114E36A7DA948CC1FF0DAD23E72A558B5E6F8A83548475D512B9D2DC2AB"
"2026-08-13_Veterinario_VET-07_Entrevista.mp4","Video","Entrevista_Video","2026-08-13","VET-07","Veterinario","EV-23","MP4","00:15:59","H264","249622667","36CB6A997A8042FB5438C774F21607AF3F2F2049D64BF3BCC43C4330669F31A1"
"2026-08-14_PropietarioMascota_PROP-12_Entrevista.mp4","Video","Entrevista_Video","2026-08-14","PROP-12","PropietarioMascota","EV-24","MP4","00:16:31","H264","341496551","F26EE1F499CF73E842D82B8B4CCE914506E632292FD9AEA6A7D985313AE49D38"
