ID,Fuente,Requisito,Caso de Uso,Clase,Proceso,Estado,Criterio,Caso de Prueba,Historia,Estado de la traza,Ley,Articulo,ID-EV,Objetivo,Stakeholder,ID-Mockup,ID-Componente
TR-01,"PROP-02, VET-01, VET-03, OBS-01; también RF-12, RF-13",RF-01,CU-01,Pet,P1,Drafted,CA-01,CP-01,HU-01,Completa,---,---,"PROP-02, VET-01, VET-03, OBS-01",Registrar mascota,Propietario de mascota,MU-02,Pet
TR-02,"PROP-01, VET-02; también RF-14, RF-24",RF-02,CU-02,MedicalHistory,P1,---,CA-02,CP-02,HU-02,Completa,---,---,"PROP-01, VET-02",Gestionar historial médico de la mascota,Propietario de mascota / Veterinaria,"MU-03, MU-06",MedicalHistory
TR-03,"VET-02, PROP-03, OBS-01; también RF-04, RF-11",RF-03,CU-10,Pet,P2,---,CA-03,CP-03,HU-03,Completa,---,---,"VET-02, PROP-03, OBS-01",Consultar perfil completo de una mascota,Propietario de mascota / Adoptante / Interesado en cruza,MU-06,Pet
TR-04,"Encuesta, OBS-01; también RF-03",RF-04,CU-11,Post,P2,---,CA-16,CP-04,HU-16,Completa,---,---,"Encuesta, OBS-01",Buscar y filtrar mascotas,Adoptante / Interesado en cruza,MU-04,Post
TR-05,"PROP-01, PROP-02, VET-01, OBS-01; también RF-12, RF-13, RF-18",RF-05,CU-04,AdoptionRequest,P3,Created,CA-04,CP-05,HU-04,Completa,---,---,"PROP-01, PROP-02, VET-01, OBS-01",Gestionar solicitudes de adopción,Adoptante / Propietario de mascota,MU-05,AdoptionRequest
TR-06,"VET-02, VET-03, PROP-03, OBS-01; también RF-16, RF-19, RF-23",RF-06,CU-13,CompatibilityEvaluation,P8,---,CA-05,CP-06,HU-05,Completa,---,---,"VET-02, VET-03, PROP-03, OBS-01",Evaluar compatibilidad entre mascotas para cruza,Propietario de mascota / Interesado en cruza,MU-07,CompatibilityEvaluation
TR-07,"PROP-02, Encuesta, OBS-01; también RF-05, RF-08, RNF-15",RF-07,CU-08,Message,P5,---,CA-17,CP-07,HU-17,Completa,---,---,"PROP-02, Encuesta, OBS-01",Sistema de mensajería entre usuarios,Propietario de mascota / Adoptante / Interesado en cruza,MU-05,Message
TR-08,"PROP-01, VET-01, VET-03; también RF-13, RF-19, RF-27",RF-08,CU-05,BreedingRequest,P3,Created,CA-06,CP-08,HU-06,Completa,---,---,"PROP-01, VET-01, VET-03",Gestionar solicitudes de cruza,Propietario de mascota / Interesado en cruza,MU-05,BreedingRequest
TR-09,"VET-01, VET-03, Encuesta; también RF-02, RF-26",RF-09,CU-09,"MedicalHistory, Veterinarian",P4,Verified,CA-07,CP-09,HU-07,Completa,---,---,"VET-01, VET-03, Encuesta",Validar la información médica de una mascota,Veterinaria,MU-03,"MedicalHistory, Veterinarian"
TR-10,"PROP-02, VET-02, PROP-03; también RF-14, RD-08",RF-10,CU-12,PetVaccine,P1,---,CA-18,CP-10,HU-18,Completa,---,---,"PROP-02, VET-02, PROP-03",Gestionar recordatorios de controles preventivos,Propietario de mascota,---,PetVaccine
TR-11,"PROP-02, VET-03, PROP-03, Encuesta, OBS-01; también RF-03, RD-02",RF-11,CU-12,PrivacySettings,P1,---,CA-08,CP-11,HU-08,Completa,---,---,"PROP-02, VET-03, PROP-03, Encuesta, OBS-01",Administrar la privacidad de la información,Propietario de mascota,MU-08,PrivacySettings
TR-12,"PROP-01, VET-01, Encuesta, OBS-01; también RF-01, RL-01",RF-12,(Transversal a Onboarding),User,P1,---,CA-09,CP-12,HU-09,Completa,---,---,"PROP-01, VET-01, Encuesta, OBS-01",Verificar la identidad de los usuarios,Propietario de mascota / Adoptante / Interesado en cruza,MU-01,User
TR-13,"PROP-01, PROP-02, Encuesta, OBS-01; también RF-01, RF-05, RF-08",RF-13,CU-04,Post,P3,Published,CA-10,CP-13,HU-10,Completa,---,---,"PROP-01, PROP-02, Encuesta, OBS-01",Registrar publicaciones de mascotas,Propietario de mascota,MU-06,Post
TR-14,"VET-01, VET-03, Encuesta; también RF-02, RF-24",RF-14,CU-03,"PetVaccine, Vaccine",P1,---,CA-11,CP-14,HU-11,Completa,---,---,"VET-01, VET-03, Encuesta",Gestionar carnet de vacunación,Propietario de mascota / Veterinaria,MU-03,"PetVaccine, Vaccine"
TR-15,"PROP-01, PROP-02, VET-02, PROP-03; también RF-05, RF-08, RF-27",RF-15,CU-07,"AdoptionRequest, BreedingRequest",P2,---,CA-19,CP-15,HU-19,Completa,---,---,"PROP-01, PROP-02, VET-02, PROP-03",Consultar el historial de procesos de adopción y cruza,Propietario de mascota,---,"AdoptionRequest, BreedingRequest"
TR-16,"PROP-01, VET-01, VET-03, Encuesta; también RF-06, RF-19",RF-16,CU-02,MedicalHistory,P1,---,CA-12,CP-16,HU-12,Completa,---,---,"PROP-01, VET-01, VET-03, Encuesta",Gestionar antecedentes genéticos y parentesco de la mascota,Propietario de mascota / Veterinaria,MU-06,MedicalHistory
TR-17,"PROP-01, VET-01, Encuesta, OBS-01; también RNF-07, RNF-14",RF-17,(Transversal a Publicaciones),"Pet, Post",P8,PhotosAndSpeciesChecked,CA-20,CP-17,HU-20,Completa,---,---,"PROP-01, VET-01, Encuesta, OBS-01",Validar imágenes,Propietario de mascota / Veterinaria,---,"Pet, Post"
TR-18,"PROP-06, VET-05; también RF-05, RF-22",RF-18,CU-04,AdoptionRequest,P3,Under review,CA-13,CP-18,HU-13,Completa,---,---,"PROP-06, VET-05",Gestionar el flujo de solicitud de adopción por etapas,Adoptante / Propietario de mascota,MU-05,AdoptionRequest
TR-19,"PROP-06; también RF-06, RF-16",RF-19,CU-09,VetDocument,P4,Verified,CA-21,CP-19,HU-21,Completa,---,---,PROP-06,Validar certificados veterinarios antes de habilitar la cruza,Propietario de mascota / Veterinaria,MU-03,VetDocument
TR-20,PROP-08; también RF-07,RF-20,CU-08,Interaction,P5,---,CA-27,CP-20,HU-27,Completa,---,---,PROP-08,Coordinar encuentros de socialización supervisados,Propietario de mascota,---,Interaction
TR-21,"VET-05; también RF-14, RF-25",RF-21,CU-01,Pet,P1,---,CA-22,CP-21,HU-22,Completa,---,---,VET-05,Registrar el identificador de microchip de la mascota,Propietario de mascota / Veterinaria,MU-06,Pet
TR-22,"PROP-05, VET-05; también RF-18",RF-22,CU-07,AdoptionRequest,P3,adopted or matched,CA-14,CP-22,HU-14,Completa,---,---,"PROP-05, VET-05",Dar seguimiento post-adopción,Adoptante / Propietario de mascota,MU-05,AdoptionRequest
TR-23,"PROP-04, PROP-07, VET-04, PROP-11; también RF-06, RF-16",RF-23,CU-06,"Interaction, BreedingRequest",P7,---,CA-15,CP-23,HU-15,Completa,---,---,"PROP-04, PROP-07, VET-04, PROP-11",Emitir alertas de riesgo sanitario o físico en interacciones y cruces,Propietario de mascota / Interesado en cruza,MU-07,"Interaction, BreedingRequest"
TR-24,"VET-04, VET-05; también RF-02, RF-14",RF-24,CU-03,PetVaccine,P1,---,CA-23,CP-24,HU-23,Completa,---,---,"VET-04, VET-05","Registrar trazabilidad de cepa, lote y aplicador de cada vacuna",Veterinaria / Propietario de mascota,MU-03,PetVaccine
TR-25,"PROP-07, VET-05; también RF-21",RF-25,CU-04,LostPetAlert,P3,---,CA-24,CP-25,HU-24,Completa,---,---,"PROP-07, VET-05",Publicar aviso de mascota extraviada,Propietario de mascota,MU-04,LostPetAlert
TR-26,VET-07; también RF-09,RF-26,CU-09,"MedicalHistory, VeterinaryEvaluation",P4,Verified,CA-25,CP-26,HU-25,Completa,---,---,VET-07,Habilitar validación médica por segunda opinión veterinaria,Veterinaria,MU-03,"MedicalHistory, VeterinaryEvaluation"
TR-27,"PROP-12; también RF-08, RF-15",RF-27,CU-05,BreedingRequest,P3,Approved,CA-26,CP-27,HU-26,Completa,---,---,PROP-12,Controlar y alertar sobre solicitudes repetitivas de cruza de una misma mascota,Propietario de mascota / Interesado en cruza,MU-05,BreedingRequest
TR-28,"VET-03, PROP-03, Encuesta, OBS-01; también RD-04, RL-05, RL-07",RNF-01,CU-12,---,P1,---,---,CP-28,---,Completa (transversal),---,---,"VET-03, PROP-03, Encuesta, OBS-01",Protección de la información,Propietario / Veterinaria,MU-08,COMP-06 Transversal (calidad)
TR-29,"PROP-01, PROP-02, VET-01, VET-02, VET-03, PROP-03, Encuesta; también RNF-03",RNF-02,(Transversal),---,Transversal,---,---,CP-29,---,Completa (transversal),---,---,"PROP-01, PROP-02, VET-01, VET-02, VET-03, PROP-03, Encuesta",Disponibilidad del sistema,Todos los usuarios,---,COMP-06 Transversal (calidad)
TR-30,"PROP-01, PROP-02, VET-01, VET-02, VET-03, PROP-03, Encuesta; también RNF-02, RNF-12",RNF-03,CU-11,---,Transversal,---,---,CP-30,---,Completa (transversal),---,---,"PROP-01, PROP-02, VET-01, VET-02, VET-03, PROP-03, Encuesta",Tiempo de respuesta,Todos los usuarios,---,COMP-06 Transversal (calidad)
TR-31,"PROP-01, PROP-02, VET-01, VET-02, VET-03, PROP-03, Encuesta, OBS-01",RNF-04,(Transversal / UI),---,Transversal,---,---,CP-31,---,Completa (transversal),---,---,"PROP-01, PROP-02, VET-01, VET-02, VET-03, PROP-03, Encuesta, OBS-01",Facilidad de uso,Todos los usuarios,MU-04,COMP-06 Transversal (calidad)
TR-32,"VET-01, VET-03, Encuesta; también RD-04",RNF-05,CU-02,---,P1,---,---,CP-32,---,Completa (transversal),---,---,"VET-01, VET-03, Encuesta",Integridad info. médica,Veterinaria,MU-03,COMP-06 Transversal (calidad)
TR-33,"PROP-01, VET-01, VET-03, Encuesta; también RF-06, RNF-13",RNF-06,CU-13,CompatibilityEvaluation,P8,---,CA-05 (heredado de RF-06),CP-33,HU-05 (heredada de RF-06),Completa,---,---,"PROP-01, VET-01, VET-03, Encuesta",Exactitud componente IA,Interesado en cruza,MU-07,COMP-05 Inteligencia Artificial
TR-34,"PROP-01, VET-01, VET-03, Encuesta; también RF-17, RNF-14",RNF-07,(Transversal a Media),Post,P8,---,CA-20 (heredado de RF-17),CP-34,HU-20 (heredada de RF-17),Completa,---,---,"PROP-01, VET-01, VET-03, Encuesta",Precisión validación imágenes,Propietario,---,COMP-05 Inteligencia Artificial
TR-35,"PROP-01, PROP-02, VET-01, VET-02, VET-03, PROP-03, Encuesta",RNF-08,CU-01,---,P1,---,---,CP-35,---,Completa (transversal),---,---,"PROP-01, PROP-02, VET-01, VET-02, VET-03, PROP-03, Encuesta",Actualización de información,Todos los usuarios,---,COMP-06 Transversal (calidad)
TR-36,"PROP-04, PROP-11; también RF-10, RD-08",RNF-09,CU-12,---,P1,---,CA-18 (heredado de RF-10),CP-36,HU-18 (heredada de RF-10),Completa,---,---,"PROP-04, PROP-11",Interoperabilidad de notificaciones,Propietario,---,COMP-06 Transversal (calidad)
TR-37,Equipo desarrollador; también RD-05,RNF-10,(Transversal a Diseño),---,Transversal,---,---,CP-37,---,Completa (transversal),---,---,Equipo desarrollador,Mantenibilidad del código,Equipo desarrollador,---,COMP-06 Transversal (calidad)
TR-38,"Encuesta, OBS-01",RNF-11,(Transversal a UI),---,Transversal,---,---,CP-38,---,Completa (transversal),---,---,"Encuesta, OBS-01",Portabilidad entre navegadores,Todos los usuarios,---,COMP-06 Transversal (calidad)
TR-39,"Encuesta, OBS-01; también RNF-03",RNF-12,(Transversal),---,Transversal,---,---,CP-39,---,Completa (transversal),---,---,"Encuesta, OBS-01",Escalabilidad ante crecimiento,Todos los usuarios,---,COMP-06 Transversal (calidad)
TR-40,"PROP-06, PROP-08, VET-04, VET-05; también RF-06, RNF-06, RL-06",RNF-13,CU-13,CompatibilityEvaluation,P8,---,CA-05,CP-40,HU-05 (heredada de RF-06),Completa,---,---,"PROP-06, PROP-08, VET-04, VET-05",Explicabilidad de la compatibilidad para cruza,Interesado en cruza,MU-07,COMP-05 Inteligencia Artificial
TR-41,"PROP-06, PROP-08; también RF-17, RNF-07, RL-06",RNF-14,(Transversal a Media),Post,P8,---,CA-20 (heredado de RF-17),CP-41,HU-20 (heredada de RF-17),Completa,---,---,"PROP-06, PROP-08",Explicabilidad de la validación de imágenes,Propietario,---,COMP-05 Inteligencia Artificial
TR-42,"PROP-08, PROP-11; también RF-07, RL-06",RNF-15,CU-08,Message,P5,---,CA-17 (heredado de RF-07),CP-42,HU-17 (heredada de RF-07),Completa,---,---,"PROP-08, PROP-11",Explicabilidad de la moderación de mensajes,Propietario,MU-05,COMP-05 Inteligencia Artificial
TR-43,"PROP-07, VET-05; también RF-11, RL-05, RL-08",RNF-16,CU-12,---,P1,---,CA-08,CP-43,HU-08 (heredada de RF-11),Completa,---,---,"PROP-07, VET-05",Confidencialidad de ubicación y contacto,Propietario,MU-08,COMP-06 Transversal (calidad)
TR-44,"PROP-01, VET-01, VET-03, Encuesta; también RF-06, RF-17, RF-07",RD-01,CU-13,---,P8,---,---,CP-44,---,Completa (transversal),---,---,"PROP-01, VET-01, VET-03, Encuesta",Integración de IA,Equipo desarrollador,MU-07,COMP-05 Inteligencia Artificial
TR-45,"PROP-01, PROP-02, VET-01, VET-02, VET-03, PROP-03, Encuesta; también RF-11, RL-05, RL-08",RD-02,(Transversal a Seguridad),"User, Owner, Shelter, Veterinarian",Transversal,---,---,CP-45,---,Completa (transversal),---,---,"PROP-01, PROP-02, VET-01, VET-02, VET-03, PROP-03, Encuesta",Acceso basado en roles,Todos los usuarios,"MU-01, MU-08",COMP-07 Transversal (diseno)
TR-46,"VET-01, VET-03, Encuesta; también RF-09, RF-19",RD-03,CU-09,"VeterinaryEvaluation, Veterinarian",P4,---,---,CP-46,---,Completa (transversal),---,---,"VET-01, VET-03, Encuesta",Validación profesional,Veterinaria,MU-03,COMP-07 Transversal (diseno)
TR-47,"PROP-02, VET-03, PROP-03, Encuesta; también RNF-01, RL-05, RL-07",RD-04,CU-12,PrivacySettings,P1,---,---,CP-47,---,Completa (transversal),---,---,"PROP-02, VET-03, PROP-03, Encuesta",Protección de datos,Propietario / Veterinaria,MU-08,COMP-07 Transversal (diseno)
TR-48,Equipo desarrollador; también RNF-10,RD-05,(Transversal a Diseño),---,Transversal,---,---,CP-48,---,Completa (transversal),---,---,Equipo desarrollador,Arquitectura modular,Equipo desarrollador,---,COMP-07 Transversal (diseno)
TR-49,PROP-11; también RL-04,RD-06,(Transversal a Datos),---,Transversal,---,---,CP-49,---,Completa (transversal),---,---,PROP-11,Eliminación de cuenta y datos personales,Propietario,MU-08,COMP-07 Transversal (diseno)
TR-50,"PROP-07, PROP-11; también RL-09",RD-07,(Transversal a Seguridad),---,Transversal,---,---,CP-50,---,Completa (transversal),---,---,"PROP-07, PROP-11",Notificación de vulneraciones de seguridad,Equipo desarrollador,---,COMP-07 Transversal (diseno)
TR-51,"PROP-04, PROP-11; también RF-10, RNF-09",RD-08,CU-12,---,P1,---,---,CP-51,---,Completa (transversal),---,---,"PROP-04, PROP-11",Dependencia de mensajería externa,Propietario,---,COMP-07 Transversal (diseno)
TR-52,"PROP-01, PROP-02, VET-01, VET-02, VET-03, PROP-03, Encuesta, OBS-01, PROP-04, PROP-05, PROP-06, PROP-07, PROP-08, PROP-09, VET-04, VET-05, PROP-10, PROP-11, VET-06, PROP-12, VET-07",RD-09,(Transversal a Datos),---,Transversal,---,---,CP-52,---,Completa (transversal),---,---,"PROP-01, PROP-02, VET-01, VET-02, VET-03, PROP-03, Encuesta, OBS-01, PROP-04, PROP-05, PROP-06, PROP-07, PROP-08, PROP-09, VET-04, VET-05, PROP-10, PROP-11, VET-06, PROP-12, VET-07",Anonimización de evidencias de campo,Equipo investigador,---,COMP-07 Transversal (diseno)
TR-53,"LOPDP, Art. 7 y 8; también RL-02, RD-06",RL-01,(Onboarding),---,P1,---,---,CP-53,---,Completa (transversal),LOPDP,Art. 7 y 8,---,RL-01,---,MU-01,---
TR-54,"LOPDP, Art. 12 y 13; también RL-01, RL-03",RL-02,CU-10,---,P2,---,---,CP-54,---,Completa (transversal),LOPDP,Art. 12 y 13,---,RL-02,---,"MU-06, MU-08",---
TR-55,"LOPDP, Art. 14; también RL-02, RL-04",RL-03,CU-02,---,P1,---,---,CP-55,---,Completa (transversal),LOPDP,Art. 14,---,RL-03,---,"MU-03, MU-06",---
TR-56,"LOPDP, Art. 15; también RL-03, RL-05",RL-04,(Transversal a Datos),---,Transversal,---,---,CP-56,---,Completa (transversal),LOPDP,Art. 15,---,RL-04,---,MU-08,---
TR-57,"LOPDP, Art. 10 lit. e) y j); también RL-04, RL-07, RL-08",RL-05,CU-12,---,P1,---,---,CP-57,---,Completa (transversal),LOPDP,Art. 10 lit. e) y j),---,RL-05,---,MU-08,---
TR-58,"LOPDP, Art. 20; también RNF-13, RNF-14, RNF-15",RL-06,CU-13,---,P8,---,---,CP-58,---,Completa (transversal),LOPDP,Art. 20,---,RL-06,---,MU-07,---
TR-59,"LOPDP, Art. 25, 26 y 30; también RL-05, RD-04",RL-07,CU-12,---,P1,---,---,CP-59,---,Completa (transversal),LOPDP,"Art. 25, 26 y 30",---,RL-07,---,"MU-03, MU-08",---
TR-60,"LOPDP, Art. 39; también RD-02, RL-05",RL-08,(Transversal a Seguridad),---,Transversal,---,---,CP-60,---,Completa (transversal),LOPDP,Art. 39,---,RL-08,---,"MU-01, MU-08",---
TR-61,"LOPDP, Art. 43 y 46; también RD-07",RL-09,(Transversal a Seguridad),---,Transversal,---,---,CP-61,---,Completa (transversal),LOPDP,Art. 43 y 46,---,RL-09,---,---,---
