Resumen,Clave de incidencia,ID de la incidencia,Tipo de Incidencia,Estado,Clave del proyecto,Nombre del proyecto,Tipo de proyecto,Responsable del proyecto,ID del responsable del proyecto,Descripción del proyecto,Prioridad,Resolución,Persona asignada,ID de la persona asignada,Informador,ID del informador,Creador,ID del creador,Creada,Actualizada,Vista por Última Vez,Resuelta,Fecha de vencimiento,Votos,Descripción,Entorno,Interesados,ID de los interesados,Estimación original,Trabajo restante estimado,Tiempo Trabajado,Relación de trabajo,Σ Estimación original,Σ Trabajo restante estimado,Σ Tiempo empleado,Nivel de Seguridad,Campo personalizado (Clasificación),Campo personalizado (Color de la incidencia),Campo personalizado (Estado de verificación),Campo personalizado (Fecha de inicio),Campo personalizado (Fuente del requisito),Campo personalizado (Prioridad MoSCoW),Campo personalizado (Team),Campo personalizado (development),Categoría de estado,Categoría de estado cambiada,Principal,Clave principal,Parent summary
E1 — Gestión de mascotas y perfiles,KAN-1,10000,Epic,Backlog,KAN,MundiPets,software,ANDY JOHEL MENDOZA PARRAGA,712020:884f7e0f-7d28-438f-9a31-7e1967687792,,Medium,,,,ANDY JOHEL MENDOZA PARRAGA,712020:884f7e0f-7d28-438f-9a31-7e1967687792,ANDY JOHEL MENDOZA PARRAGA,712020:884f7e0f-7d28-438f-9a31-7e1967687792,09/ago/26 1:28 PM,09/ago/26 1:28 PM,22/ago/26 7:00 PM,,,0,"Registro, consulta, búsqueda y publicaciones de mascotas.",,,,,,,,,,,,0|hzzzzz:,dark_teal,,,,,,,Por hacer,09/ago/26 1:28 PM,,,
E2 — Adopción y solicitudes,KAN-2,10001,Epic,Backlog,KAN,MundiPets,software,ANDY JOHEL MENDOZA PARRAGA,712020:884f7e0f-7d28-438f-9a31-7e1967687792,,Medium,,,,ANDY JOHEL MENDOZA PARRAGA,712020:884f7e0f-7d28-438f-9a31-7e1967687792,ANDY JOHEL MENDOZA PARRAGA,712020:884f7e0f-7d28-438f-9a31-7e1967687792,09/ago/26 1:29 PM,09/ago/26 1:29 PM,22/ago/26 7:01 PM,,,0,"Flujo completo de adopción, seguimiento y alertas",,,,,,,,,,,,0|i00007:,dark_teal,,,,,,,Por hacer,09/ago/26 1:29 PM,,,
E3 — Historial médico y veterinaria,KAN-3,10002,Epic,Backlog,KAN,MundiPets,software,ANDY JOHEL MENDOZA PARRAGA,712020:884f7e0f-7d28-438f-9a31-7e1967687792,,Medium,,,,ANDY JOHEL MENDOZA PARRAGA,712020:884f7e0f-7d28-438f-9a31-7e1967687792,ANDY JOHEL MENDOZA PARRAGA,712020:884f7e0f-7d28-438f-9a31-7e1967687792,09/ago/26 1:30 PM,09/ago/26 1:30 PM,22/ago/26 4:52 PM,,,0,"Historial clínico, vacunación, validación profesional",,,,,,,,,,,,0|i0000f:,dark_teal,,,,,,,Por hacer,09/ago/26 1:30 PM,,,
E4 — Cruza y compatibilidad,KAN-4,10003,Epic,Backlog,KAN,MundiPets,software,ANDY JOHEL MENDOZA PARRAGA,712020:884f7e0f-7d28-438f-9a31-7e1967687792,,Medium,,,,ANDY JOHEL MENDOZA PARRAGA,712020:884f7e0f-7d28-438f-9a31-7e1967687792,ANDY JOHEL MENDOZA PARRAGA,712020:884f7e0f-7d28-438f-9a31-7e1967687792,09/ago/26 1:30 PM,09/ago/26 1:30 PM,22/ago/26 4:52 PM,,,0,"Evaluación de compatibilidad, certificados, antecedentes genéticos",,,,,,,,,,,,0|i0000n:,dark_teal,,,,,,,Por hacer,09/ago/26 1:30 PM,,,
"E5 — Cuenta, privacidad y comunicación",KAN-5,10004,Epic,Backlog,KAN,MundiPets,software,ANDY JOHEL MENDOZA PARRAGA,712020:884f7e0f-7d28-438f-9a31-7e1967687792,,Medium,,,,ANDY JOHEL MENDOZA PARRAGA,712020:884f7e0f-7d28-438f-9a31-7e1967687792,ANDY JOHEL MENDOZA PARRAGA,712020:884f7e0f-7d28-438f-9a31-7e1967687792,09/ago/26 1:30 PM,09/ago/26 1:30 PM,22/ago/26 6:52 PM,,,0,"Identidad, privacidad, mensajería, recordatorios, eliminación de cuenta",,,,,,,,,,,,0|i0000v:,dark_teal,,,,,,,Por hacer,09/ago/26 1:30 PM,,,
Buscar y filtrar mascotas,KAN-8,10007,Historia,Backlog,KAN,MundiPets,software,ANDY JOHEL MENDOZA PARRAGA,712020:884f7e0f-7d28-438f-9a31-7e1967687792,,Medium,,,,ANDY JOHEL MENDOZA PARRAGA,712020:884f7e0f-7d28-438f-9a31-7e1967687792,ANDY JOHEL MENDOZA PARRAGA,712020:884f7e0f-7d28-438f-9a31-7e1967687792,09/ago/26 1:48 PM,22/ago/26 5:52 PM,22/ago/26 7:01 PM,,,0,"RF asociado: RF-04
Historia de usuario (HU-16): Como adoptante o interesado en cruza, quiero buscar mascotas aplicando filtros de especie, raza, edad, ubicacion, estado de salud, tamano y temperamento, para encontrar rapidamente candidatos que se ajusten a lo que busco.
Prioridad MoSCoW: Should
Fuente del requisito (Origen): EV-07, EV-08",,ANDY JOHEL MENDOZA PARRAGA,712020:884f7e0f-7d28-438f-9a31-7e1967687792,,,,,,,,,0|i00013:,,,,"EV-07, EV-08",Should,,,Por hacer,22/ago/26 4:48 PM,10000,KAN-1,E1 — Gestión de mascotas y perfiles
Registrar mascota,KAN-6,10005,Historia,Backlog,KAN,MundiPets,software,ANDY JOHEL MENDOZA PARRAGA,712020:884f7e0f-7d28-438f-9a31-7e1967687792,,Medium,,,,ANDY JOHEL MENDOZA PARRAGA,712020:884f7e0f-7d28-438f-9a31-7e1967687792,ANDY JOHEL MENDOZA PARRAGA,712020:884f7e0f-7d28-438f-9a31-7e1967687792,09/ago/26 1:46 PM,22/ago/26 5:52 PM,22/ago/26 7:01 PM,,,0,"RF asociado: RF-01
Historia de usuario (HU-01): Como propietario de mascota, quiero registrar el perfil de mi mascota con sus datos generales y fotografias, para que otros usuarios puedan identificarla y evaluarla en procesos de adopcion o cruza.
Prioridad MoSCoW: Must
Fuente del requisito (Origen): EV-02, EV-03, EV-05, EV-06, EV-07, EV-08",,ANDY JOHEL MENDOZA PARRAGA,712020:884f7e0f-7d28-438f-9a31-7e1967687792,,,,,,,,,0|i00019:,,,," EV-02, EV-03, EV-05, EV-06, EV-07, EV-08",Must,,,Por hacer,22/ago/26 4:48 PM,10000,KAN-1,E1 — Gestión de mascotas y perfiles
Gestionar solicitudes de adopción,KAN-13,10012,Historia,Backlog,KAN,MundiPets,software,ANDY JOHEL MENDOZA PARRAGA,712020:884f7e0f-7d28-438f-9a31-7e1967687792,,Medium,,,,ANDY JOHEL MENDOZA PARRAGA,712020:884f7e0f-7d28-438f-9a31-7e1967687792,ANDY JOHEL MENDOZA PARRAGA,712020:884f7e0f-7d28-438f-9a31-7e1967687792,09/ago/26 1:59 PM,22/ago/26 5:53 PM,22/ago/26 7:02 PM,,,0,"RF asociado: RF-05
Historia de usuario (HU-04): Como adoptante, quiero enviar una solicitud de adopcion con mi informacion de perfil, para que el propietario evalue si puedo adoptar a su mascota.
Prioridad MoSCoW: Must
Fuente del requisito (Origen): EV-01, EV-02, EV-03, EV-05, EV-06, EV-08",,ANDY JOHEL MENDOZA PARRAGA,712020:884f7e0f-7d28-438f-9a31-7e1967687792,,,,,,,,,0|i0001f:i,,,,"EV-01, EV-02, EV-03, EV-05, EV-06, EV-08",Must,,,Por hacer,22/ago/26 4:48 PM,10001,KAN-2,E2 — Adopción y solicitudes
Gestionar flujo de solicitud de adopción por etapas,KAN-15,10014,Historia,Backlog,KAN,MundiPets,software,ANDY JOHEL MENDOZA PARRAGA,712020:884f7e0f-7d28-438f-9a31-7e1967687792,,Medium,,,,ANDY JOHEL MENDOZA PARRAGA,712020:884f7e0f-7d28-438f-9a31-7e1967687792,ANDY JOHEL MENDOZA PARRAGA,712020:884f7e0f-7d28-438f-9a31-7e1967687792,09/ago/26 2:00 PM,22/ago/26 5:53 PM,22/ago/26 7:02 PM,,,0,"RF asociado: RF-18
Historia de usuario (HU-13): Como propietario de mascota, quiero que la solicitud de adopcion avance por etapas verificables, para asegurarme de que el adoptante cumple los requisitos antes de entregar a mi mascota.
Prioridad MoSCoW: Must
Fuente del requisito (Origen): EV-11, EV-16",,ANDY JOHEL MENDOZA PARRAGA,712020:884f7e0f-7d28-438f-9a31-7e1967687792,,,,,,,,,0|i00033:,,,,"EV-11, EV-16",Must,,,Por hacer,09/ago/26 2:00 PM,10001,KAN-2,E2 — Adopción y solicitudes
Consultar historial de procesos de adopción y cruza,KAN-14,10013,Historia,Backlog,KAN,MundiPets,software,ANDY JOHEL MENDOZA PARRAGA,712020:884f7e0f-7d28-438f-9a31-7e1967687792,,Medium,,,,ANDY JOHEL MENDOZA PARRAGA,712020:884f7e0f-7d28-438f-9a31-7e1967687792,ANDY JOHEL MENDOZA PARRAGA,712020:884f7e0f-7d28-438f-9a31-7e1967687792,09/ago/26 1:59 PM,22/ago/26 5:53 PM,22/ago/26 7:11 PM,,,0,"RF asociado: RF-15
Historia de usuario (HU-19): Como propietario de mascota, quiero consultar el historial de solicitudes y procesos de adopcion y cruza de mis mascotas, con su estado y fecha, para llevar control de que procesos ya se completaron y cuales siguen activos.
Prioridad MoSCoW: Could
Fuente del requisito (Origen): EV-01, EV-02, EV-04, EV-06",,ANDY JOHEL MENDOZA PARRAGA,712020:884f7e0f-7d28-438f-9a31-7e1967687792,,,,,,,,,0|i00033:1,,,,"EV-01, EV-02, EV-04, EV-06",Could,,,Por hacer,22/ago/26 4:48 PM,10001,KAN-2,E2 — Adopción y solicitudes
Registrar publicaciones de mascotas,KAN-9,10008,Historia,Backlog,KAN,MundiPets,software,ANDY JOHEL MENDOZA PARRAGA,712020:884f7e0f-7d28-438f-9a31-7e1967687792,,Medium,,,,ANDY JOHEL MENDOZA PARRAGA,712020:884f7e0f-7d28-438f-9a31-7e1967687792,ANDY JOHEL MENDOZA PARRAGA,712020:884f7e0f-7d28-438f-9a31-7e1967687792,09/ago/26 1:48 PM,22/ago/26 5:52 PM,22/ago/26 7:11 PM,,,0,"RF asociado: RF-13
Historia de usuario (HU-10): Como propietario de mascota, quiero publicar a mi mascota como disponible para adopcion o cruza, para que otros usuarios puedan encontrarla y contactarme.
Prioridad MoSCoW: Must
Fuente del requisito (Origen): EV-01, EV-02, EV-04, EV-06, EV-07, EV-08",,ANDY JOHEL MENDOZA PARRAGA,712020:884f7e0f-7d28-438f-9a31-7e1967687792,,,,,,,,,0|i00033:2,,,,"EV-01, EV-02, EV-04, EV-06, EV-07, EV-08",Must,,,Por hacer,22/ago/26 4:48 PM,10000,KAN-1,E1 — Gestión de mascotas y perfiles
Validar imágenes,KAN-10,10009,Historia,Backlog,KAN,MundiPets,software,ANDY JOHEL MENDOZA PARRAGA,712020:884f7e0f-7d28-438f-9a31-7e1967687792,,Medium,,,,ANDY JOHEL MENDOZA PARRAGA,712020:884f7e0f-7d28-438f-9a31-7e1967687792,ANDY JOHEL MENDOZA PARRAGA,712020:884f7e0f-7d28-438f-9a31-7e1967687792,09/ago/26 1:55 PM,22/ago/26 5:52 PM,22/ago/26 7:12 PM,,,0,"RF asociado: RF-17
Historia de usuario (HU-20): Como propietario de mascota, quiero que el sistema valide que la imagen que subo corresponda a una mascota y no contenga contenido inapropiado, para mantener publicaciones confiables y libres de contenido ofensivo.
Prioridad MoSCoW: Should
Fuente del requisito (Origen): EV-01, EV-03, EV-05, EV-07, EV-08",,ANDY JOHEL MENDOZA PARRAGA,712020:884f7e0f-7d28-438f-9a31-7e1967687792,,,,,,,,,0|i00033:4,,,,"EV-01, EV-03, EV-05, EV-07, EV-08",Should,,,Por hacer,22/ago/26 4:48 PM,10000,KAN-1,E1 — Gestión de mascotas y perfiles
Registrar identificador de microchip,KAN-11,10010,Historia,Backlog,KAN,MundiPets,software,ANDY JOHEL MENDOZA PARRAGA,712020:884f7e0f-7d28-438f-9a31-7e1967687792,,Medium,,,,ANDY JOHEL MENDOZA PARRAGA,712020:884f7e0f-7d28-438f-9a31-7e1967687792,ANDY JOHEL MENDOZA PARRAGA,712020:884f7e0f-7d28-438f-9a31-7e1967687792,09/ago/26 1:56 PM,22/ago/26 5:53 PM,22/ago/26 7:12 PM,,,0,"RF asociado: RF-21
Historia de usuario (HU-23): Como propietario de mascota o veterinaria, quiero registrar y consultar el numero de microchip de la mascota en su perfil, para contar con un identificador unico y verificable de la mascota.
Prioridad MoSCoW: Should
Fuente del requisito (Origen): EV-16",,ANDY JOHEL MENDOZA PARRAGA,712020:884f7e0f-7d28-438f-9a31-7e1967687792,,,,,,,,,0|i00033:9,,,,EV-16,Should,,,Por hacer,22/ago/26 4:48 PM,10000,KAN-1,E1 — Gestión de mascotas y perfiles
Consultar perfil completo de una mascota,KAN-7,10006,Historia,Backlog,KAN,MundiPets,software,ANDY JOHEL MENDOZA PARRAGA,712020:884f7e0f-7d28-438f-9a31-7e1967687792,,Medium,,,,ANDY JOHEL MENDOZA PARRAGA,712020:884f7e0f-7d28-438f-9a31-7e1967687792,ANDY JOHEL MENDOZA PARRAGA,712020:884f7e0f-7d28-438f-9a31-7e1967687792,09/ago/26 1:47 PM,22/ago/26 5:52 PM,22/ago/26 7:12 PM,,,0,"RF asociado: RF-03
Historia de usuario (HU-03): Como adoptante, quiero consultar el perfil completo de una mascota, para decidir si quiero iniciar un proceso de adopcion o cruza.
Prioridad MoSCoW: Must
Fuente del requisito (Origen): EV-02, EV-04, EV-05, EV-06, EV-07, EV-14",,ANDY JOHEL MENDOZA PARRAGA,712020:884f7e0f-7d28-438f-9a31-7e1967687792,,,,,,,,,0|i00033:i,,,,"EV-02, EV-04, EV-05, EV-06, EV-07, EV-14",Must,,,Por hacer,22/ago/26 4:48 PM,10000,KAN-1,E1 — Gestión de mascotas y perfiles
"Registrar trazabilidad de cepa, lote y aplicador",KAN-22,10021,Historia,Backlog,KAN,MundiPets,software,ANDY JOHEL MENDOZA PARRAGA,712020:884f7e0f-7d28-438f-9a31-7e1967687792,,Medium,,,,ANDY JOHEL MENDOZA PARRAGA,712020:884f7e0f-7d28-438f-9a31-7e1967687792,ANDY JOHEL MENDOZA PARRAGA,712020:884f7e0f-7d28-438f-9a31-7e1967687792,09/ago/26 2:04 PM,22/ago/26 5:54 PM,22/ago/26 7:12 PM,,,0,"RF asociado: RF-24
Historia de usuario (HU-24): Como veterinaria, quiero registrar la cepa, marca y profesional que aplico cada vacuna dentro del carnet de vacunacion, para garantizar la trazabilidad clinica completa de cada dosis aplicada.
Prioridad MoSCoW: Should
Fuente del requisito (Origen): EV-15, EV-16",,ANDY JOHEL MENDOZA PARRAGA,712020:884f7e0f-7d28-438f-9a31-7e1967687792,,,,,,,,,0|i00034:,,,,"EV-15, EV-16",Must,,,Por hacer,22/ago/26 4:48 PM,10002,KAN-3,E3 — Historial médico y veterinaria
Publicar aviso de mascota extraviada,KAN-12,10011,Historia,Backlog,KAN,MundiPets,software,ANDY JOHEL MENDOZA PARRAGA,712020:884f7e0f-7d28-438f-9a31-7e1967687792,,Medium,,,,ANDY JOHEL MENDOZA PARRAGA,712020:884f7e0f-7d28-438f-9a31-7e1967687792,ANDY JOHEL MENDOZA PARRAGA,712020:884f7e0f-7d28-438f-9a31-7e1967687792,09/ago/26 1:57 PM,22/ago/26 5:53 PM,22/ago/26 7:12 PM,,,0,"RF asociado: RF-25
Historia de usuario (HU-25): Como propietario de mascota, quiero publicar un aviso de mascota extraviada con fotografias y microchip, sin exponer mi ubicacion exacta ni mi contacto directo por defecto, para facilitar su localizacion sin comprometer mi privacidad.
Prioridad MoSCoW: Could
Fuente del requisito (Origen): EV-12, EV-16",,ANDY JOHEL MENDOZA PARRAGA,712020:884f7e0f-7d28-438f-9a31-7e1967687792,,,,,,,,,0|i00037:,,,,"EV-12, EV-16",Could,,,Por hacer,22/ago/26 4:48 PM,10000,KAN-1,E1 — Gestión de mascotas y perfiles
Evaluar compatibilidad entre mascotas para cruza,KAN-23,10022,Historia,Backlog,KAN,MundiPets,software,ANDY JOHEL MENDOZA PARRAGA,712020:884f7e0f-7d28-438f-9a31-7e1967687792,,Medium,,,,ANDY JOHEL MENDOZA PARRAGA,712020:884f7e0f-7d28-438f-9a31-7e1967687792,ANDY JOHEL MENDOZA PARRAGA,712020:884f7e0f-7d28-438f-9a31-7e1967687792,09/ago/26 2:05 PM,22/ago/26 5:54 PM,22/ago/26 7:12 PM,,,0,"RF asociado: RF-06
Historia de usuario (HU-05): Como interesado en cruza, quiero conocer el nivel de compatibilidad entre dos mascotas, para decidir con mejor informacion si continuar con el proceso de cruza.
Prioridad MoSCoW: Must
Fuente del requisito (Origen): EV-01 a EV-08, EV-11, EV-13, EV-14, EV-15, EV-16",,ANDY JOHEL MENDOZA PARRAGA,712020:884f7e0f-7d28-438f-9a31-7e1967687792,,,,,,,,,0|i00039:,,,,"EV-01 a EV-08, EV-11, EV-13, EV-14, EV-15, EV-16",Must,,,Por hacer,22/ago/26 4:48 PM,10003,KAN-4,E4 — Cruza y compatibilidad
Coordinar encuentros de socialización supervisados,KAN-16,10015,Historia,Backlog,KAN,MundiPets,software,ANDY JOHEL MENDOZA PARRAGA,712020:884f7e0f-7d28-438f-9a31-7e1967687792,,Medium,,,,ANDY JOHEL MENDOZA PARRAGA,712020:884f7e0f-7d28-438f-9a31-7e1967687792,ANDY JOHEL MENDOZA PARRAGA,712020:884f7e0f-7d28-438f-9a31-7e1967687792,09/ago/26 2:00 PM,22/ago/26 5:53 PM,,,,0,"RF asociado: RF-20
Historia de usuario (HU-22): Como propietario de mascota, quiero coordinar un encuentro presencial supervisado entre mi mascota y la de otro usuario, para socializarlas previamente a un proceso de adopcion o cruza.
Prioridad MoSCoW: Could
Fuente del requisito (Origen): EV-13",,ANDY JOHEL MENDOZA PARRAGA,712020:884f7e0f-7d28-438f-9a31-7e1967687792,,,,,,,,,0|i0003b:,,,,EV-13,Could,,,Por hacer,09/ago/26 2:01 PM,10001,KAN-2,E2 — Adopción y solicitudes
Dar seguimiento post-adopción,KAN-17,10016,Historia,Backlog,KAN,MundiPets,software,ANDY JOHEL MENDOZA PARRAGA,712020:884f7e0f-7d28-438f-9a31-7e1967687792,,Medium,,,,ANDY JOHEL MENDOZA PARRAGA,712020:884f7e0f-7d28-438f-9a31-7e1967687792,ANDY JOHEL MENDOZA PARRAGA,712020:884f7e0f-7d28-438f-9a31-7e1967687792,09/ago/26 2:01 PM,22/ago/26 5:53 PM,,,,0,"RF asociado: RF-22
Historia de usuario (HU-14): Como propietario original, quiero mantener contacto con el adoptante despues de completada la adopcion, para verificar el bienestar de mi mascota.
Prioridad MoSCoW: Must
Fuente del requisito (Origen): EV-16, EV-10",,ANDY JOHEL MENDOZA PARRAGA,712020:884f7e0f-7d28-438f-9a31-7e1967687792,,,,,,,,,0|i0003j:,,,,"EV-16, EV-10",Must,,,Por hacer,09/ago/26 2:01 PM,10001,KAN-2,E2 — Adopción y solicitudes
Emitir alertas de riesgo sanitario o físico,KAN-18,10017,Historia,Backlog,KAN,MundiPets,software,ANDY JOHEL MENDOZA PARRAGA,712020:884f7e0f-7d28-438f-9a31-7e1967687792,,Medium,,,,ANDY JOHEL MENDOZA PARRAGA,712020:884f7e0f-7d28-438f-9a31-7e1967687792,ANDY JOHEL MENDOZA PARRAGA,712020:884f7e0f-7d28-438f-9a31-7e1967687792,09/ago/26 2:02 PM,22/ago/26 5:53 PM,22/ago/26 7:12 PM,,,0,"RF asociado: RF-23
Historia de usuario (HU-15): Como propietario de mascota, quiero recibir una alerta cuando exista un riesgo sanitario o fisico en una interaccion o cruza, para evitar poner en peligro a mi mascota.
Prioridad MoSCoW: Must
Fuente del requisito (Origen): EV-09, EV-12, EV-15, EV-18",,ANDY JOHEL MENDOZA PARRAGA,712020:884f7e0f-7d28-438f-9a31-7e1967687792,,,,,,,,,0|i0003r:,,,,"EV-09, EV-12, EV-15, EV-18",Must,,,Por hacer,09/ago/26 2:02 PM,10001,KAN-2,E2 — Adopción y solicitudes
Gestionar historial médico de la mascota,KAN-19,10018,Historia,Backlog,KAN,MundiPets,software,ANDY JOHEL MENDOZA PARRAGA,712020:884f7e0f-7d28-438f-9a31-7e1967687792,,Medium,,,,ANDY JOHEL MENDOZA PARRAGA,712020:884f7e0f-7d28-438f-9a31-7e1967687792,ANDY JOHEL MENDOZA PARRAGA,712020:884f7e0f-7d28-438f-9a31-7e1967687792,09/ago/26 2:03 PM,22/ago/26 5:53 PM,22/ago/26 7:12 PM,,,0,"RF asociado: RF-02
Historia de usuario (HU-02): Como propietario de mascota, quiero registrar y actualizar el historial medico de mi mascota, para mantener un registro confiable de su estado de salud.
Prioridad MoSCoW: Must
Fuente del requisito (Origen): EV-01, EV-02, EV-03, EV-04, EV-05, EV-06, EV-07, EV-15, EV-16",,ANDY JOHEL MENDOZA PARRAGA,712020:884f7e0f-7d28-438f-9a31-7e1967687792,,,,,,,,,0|i0003z:,,,,"EV-01, EV-02, EV-03, EV-04, EV-05, EV-06, EV-07, EV-15, EV-16",Must,,,Por hacer,09/ago/26 2:03 PM,10002,KAN-3,E3 — Historial médico y veterinaria
Validar información médica de una mascota,KAN-20,10019,Historia,Backlog,KAN,MundiPets,software,ANDY JOHEL MENDOZA PARRAGA,712020:884f7e0f-7d28-438f-9a31-7e1967687792,,Medium,,,,ANDY JOHEL MENDOZA PARRAGA,712020:884f7e0f-7d28-438f-9a31-7e1967687792,ANDY JOHEL MENDOZA PARRAGA,712020:884f7e0f-7d28-438f-9a31-7e1967687792,09/ago/26 2:03 PM,22/ago/26 5:53 PM,,,,0,"RF asociado: RF-09
Historia de usuario (HU-07): Como veterinaria, quiero validar la informacion medica registrada de una mascota, para dejar constancia de que los datos fueron verificados por un profesional.
Prioridad MoSCoW: Must
Fuente del requisito (Origen): EV-03, EV-05, EV-07, EV-15, EV-16",,ANDY JOHEL MENDOZA PARRAGA,712020:884f7e0f-7d28-438f-9a31-7e1967687792,,,,,,,,,0|i00047:,,,,"EV-03, EV-05, EV-07, EV-15, EV-16",Must,,,Por hacer,09/ago/26 2:03 PM,10002,KAN-3,E3 — Historial médico y veterinaria
Gestionar carnet de vacunación,KAN-21,10020,Historia,Backlog,KAN,MundiPets,software,ANDY JOHEL MENDOZA PARRAGA,712020:884f7e0f-7d28-438f-9a31-7e1967687792,,Medium,,,,ANDY JOHEL MENDOZA PARRAGA,712020:884f7e0f-7d28-438f-9a31-7e1967687792,ANDY JOHEL MENDOZA PARRAGA,712020:884f7e0f-7d28-438f-9a31-7e1967687792,09/ago/26 2:04 PM,22/ago/26 5:54 PM,,,,0,"RF asociado: RF-14
Historia de usuario (HU-11): Como propietario de mascota, quiero llevar el carnet de vacunacion de mi mascota dentro de la plataforma, para tener un registro ordenado y disponible de sus vacunas.
Prioridad MoSCoW: Must
Fuente del requisito (Origen): EV-02, EV-03, EV-05, EV-06, EV-07, EV-10, EV-16, EV-18",,ANDY JOHEL MENDOZA PARRAGA,712020:884f7e0f-7d28-438f-9a31-7e1967687792,,,,,,,,,0|i0004f:,,,,"EV-02, EV-03, EV-05, EV-06, EV-07, EV-10, EV-16, EV-18",Must,,,Por hacer,09/ago/26 2:04 PM,10002,KAN-3,E3 — Historial médico y veterinaria
Gestionar solicitudes de cruza,KAN-24,10023,Historia,Backlog,KAN,MundiPets,software,ANDY JOHEL MENDOZA PARRAGA,712020:884f7e0f-7d28-438f-9a31-7e1967687792,,Medium,,,,ANDY JOHEL MENDOZA PARRAGA,712020:884f7e0f-7d28-438f-9a31-7e1967687792,ANDY JOHEL MENDOZA PARRAGA,712020:884f7e0f-7d28-438f-9a31-7e1967687792,09/ago/26 2:05 PM,22/ago/26 5:54 PM,,,,0,"RF asociado: RF-08
Historia de usuario (HU-06): Como propietario de mascota, quiero solicitar un proceso de cruza con otra mascota registrada, para iniciar el proceso de forma formal dentro de la plataforma.
Prioridad MoSCoW: Must
Fuente del requisito (Origen): EV-01, EV-02, EV-03, EV-05, EV-06, EV-07",,ANDY JOHEL MENDOZA PARRAGA,712020:884f7e0f-7d28-438f-9a31-7e1967687792,,,,,,,,,0|i00053:,,,,"EV-01, EV-02, EV-03, EV-05, EV-06, EV-07",Must,,,Por hacer,09/ago/26 2:05 PM,10003,KAN-4,E4 — Cruza y compatibilidad
Gestionar antecedentes genéticos y parentesco,KAN-25,10024,Historia,Backlog,KAN,MundiPets,software,ANDY JOHEL MENDOZA PARRAGA,712020:884f7e0f-7d28-438f-9a31-7e1967687792,,Medium,,,,ANDY JOHEL MENDOZA PARRAGA,712020:884f7e0f-7d28-438f-9a31-7e1967687792,ANDY JOHEL MENDOZA PARRAGA,712020:884f7e0f-7d28-438f-9a31-7e1967687792,09/ago/26 2:06 PM,22/ago/26 5:54 PM,,,,0,"RF asociado: RF-16
Historia de usuario (HU-12): Como propietario de mascota, quiero registrar los antecedentes geneticos y el parentesco de mi mascota, para respaldar un proceso de cruza responsable.
Prioridad MoSCoW: Must
Fuente del requisito (Origen): EV-01, EV-03, EV-05, EV-07, EV-14, EV-15",,ANDY JOHEL MENDOZA PARRAGA,712020:884f7e0f-7d28-438f-9a31-7e1967687792,,,,,,,,,0|i0005b:,,,,"EV-01, EV-03, EV-05, EV-07, EV-14, EV-15",Must,,,Por hacer,09/ago/26 2:06 PM,10003,KAN-4,E4 — Cruza y compatibilidad
Validar certificados veterinarios antes de cruza,KAN-26,10025,Historia,Backlog,KAN,MundiPets,software,ANDY JOHEL MENDOZA PARRAGA,712020:884f7e0f-7d28-438f-9a31-7e1967687792,,Medium,,,,ANDY JOHEL MENDOZA PARRAGA,712020:884f7e0f-7d28-438f-9a31-7e1967687792,ANDY JOHEL MENDOZA PARRAGA,712020:884f7e0f-7d28-438f-9a31-7e1967687792,09/ago/26 2:06 PM,22/ago/26 5:54 PM,22/ago/26 7:13 PM,,,0,"RF asociado: RF-19
Historia de usuario (HU-21): Como propietario de mascota, quiero adjuntar certificados veterinarios de ambas mascotas para que una veterinaria los valide, para habilitar la opcion de cruza con la garantia de una verificacion profesional.
Prioridad MoSCoW: Should
Fuente del requisito (Origen): EV-11",,ANDY JOHEL MENDOZA PARRAGA,712020:884f7e0f-7d28-438f-9a31-7e1967687792,,,,,,,,,0|i0005j:,,,,EV-11,Should,,,Por hacer,09/ago/26 2:06 PM,10003,KAN-4,E4 — Cruza y compatibilidad
Administrar la privacidad de la información,KAN-27,10026,Historia,Backlog,KAN,MundiPets,software,ANDY JOHEL MENDOZA PARRAGA,712020:884f7e0f-7d28-438f-9a31-7e1967687792,,Medium,,,,ANDY JOHEL MENDOZA PARRAGA,712020:884f7e0f-7d28-438f-9a31-7e1967687792,ANDY JOHEL MENDOZA PARRAGA,712020:884f7e0f-7d28-438f-9a31-7e1967687792,09/ago/26 2:07 PM,22/ago/26 5:54 PM,,,,0,"RF asociado: RF-11
Historia de usuario (HU-08): Como propietario de mascota, quiero configurar que informacion de mi mascota y de mi perfil pueden ver otros usuarios, para proteger mis datos sensibles.
Prioridad MoSCoW: Must
Fuente del requisito (Origen): EV-02, EV-05, EV-06, EV-07, EV-08, EV-09, EV-10, EV-14, EV-18",,ANDY JOHEL MENDOZA PARRAGA,712020:884f7e0f-7d28-438f-9a31-7e1967687792,,,,,,,,,0|i0005r:,,,,"EV-02, EV-05, EV-06, EV-07, EV-08, EV-09, EV-10, EV-14, EV-18",Must,,,Por hacer,09/ago/26 2:07 PM,10004,KAN-5,"E5 — Cuenta, privacidad y comunicación"
Verificar la identidad de los usuarios,KAN-28,10027,Historia,Backlog,KAN,MundiPets,software,ANDY JOHEL MENDOZA PARRAGA,712020:884f7e0f-7d28-438f-9a31-7e1967687792,,Medium,,,,ANDY JOHEL MENDOZA PARRAGA,712020:884f7e0f-7d28-438f-9a31-7e1967687792,ANDY JOHEL MENDOZA PARRAGA,712020:884f7e0f-7d28-438f-9a31-7e1967687792,09/ago/26 2:07 PM,22/ago/26 5:54 PM,22/ago/26 7:13 PM,,,0,"RF asociado: RF-12
Historia de usuario (HU-09): Como usuario nuevo, quiero verificar mi identidad al registrarme, para poder participar en procesos de adopcion o cruza dentro de la plataforma.
Prioridad MoSCoW: Must
Fuente del requisito (Origen): EV-01, EV-03, EV-07, EV-08, EV-09",,ANDY JOHEL MENDOZA PARRAGA,712020:884f7e0f-7d28-438f-9a31-7e1967687792,,,,,,,,,0|i0005z:,,,,"EV-01, EV-03, EV-07, EV-08, EV-09",Must,,,Por hacer,09/ago/26 2:07 PM,10004,KAN-5,"E5 — Cuenta, privacidad y comunicación"
Sistema de mensajería entre usuarios,KAN-29,10028,Historia,Backlog,KAN,MundiPets,software,ANDY JOHEL MENDOZA PARRAGA,712020:884f7e0f-7d28-438f-9a31-7e1967687792,,Medium,,,,ANDY JOHEL MENDOZA PARRAGA,712020:884f7e0f-7d28-438f-9a31-7e1967687792,ANDY JOHEL MENDOZA PARRAGA,712020:884f7e0f-7d28-438f-9a31-7e1967687792,09/ago/26 2:08 PM,22/ago/26 5:54 PM,22/ago/26 7:13 PM,,,0,"RF asociado: RF-07
Historia de usuario (HU-17): Como propietario, adoptante o interesado en cruza, quiero comunicarme por mensajes con otro usuario y poder reportar un mensaje como spam, ofensivo o intento de acuerdo externo, para coordinar procesos de adopcion o cruza de forma segura.
Prioridad MoSCoW: Could
Fuente del requisito (Origen): EV-02, EV-07, EV-08",,ANDY JOHEL MENDOZA PARRAGA,712020:884f7e0f-7d28-438f-9a31-7e1967687792,,,,,,,,,0|i00067:,,,,"EV-02, EV-07, EV-08",Could,,,Por hacer,09/ago/26 2:08 PM,10004,KAN-5,"E5 — Cuenta, privacidad y comunicación"
Gestionar recordatorios de controles preventivos,KAN-30,10029,Historia,Backlog,KAN,MundiPets,software,ANDY JOHEL MENDOZA PARRAGA,712020:884f7e0f-7d28-438f-9a31-7e1967687792,,Medium,,,,ANDY JOHEL MENDOZA PARRAGA,712020:884f7e0f-7d28-438f-9a31-7e1967687792,ANDY JOHEL MENDOZA PARRAGA,712020:884f7e0f-7d28-438f-9a31-7e1967687792,09/ago/26 2:09 PM,22/ago/26 5:54 PM,22/ago/26 7:13 PM,,,0,"RF asociado: RF-10
Historia de usuario (HU-18): Como propietario de mascota, quiero recibir recordatorios de vacunas, desparasitaciones y controles por WhatsApp, con respaldo automatico in-app si WhatsApp no esta disponible, para no perder ningun control preventivo de mi mascota por una falla del proveedor externo.
Prioridad MoSCoW: Should
Fuente del requisito (Origen): EV-02, EV-04, EV-06, EV-11",,ANDY JOHEL MENDOZA PARRAGA,712020:884f7e0f-7d28-438f-9a31-7e1967687792,,,,,,,,,0|i0006f:,,,,"EV-02, EV-04, EV-06, EV-11",Should,,,Por hacer,09/ago/26 2:09 PM,10004,KAN-5,"E5 — Cuenta, privacidad y comunicación"
Habilitar validación médica por segunda opinión veterinaria,KAN-31,10030,Historia,Backlog,KAN,MundiPets,software,ANDY JOHEL MENDOZA PARRAGA,712020:884f7e0f-7d28-438f-9a31-7e1967687792,,Medium,,,,ANDY JOHEL MENDOZA PARRAGA,712020:884f7e0f-7d28-438f-9a31-7e1967687792,ANDY JOHEL MENDOZA PARRAGA,712020:884f7e0f-7d28-438f-9a31-7e1967687792,09/ago/26 2:09 PM,22/ago/26 7:14 PM,22/ago/26 7:13 PM,,,0,"RF asociado: RF-26
Historia de usuario (HU-26): Como veterinaria, quiero revisar y confirmar o cuestionar la validación médica realizada previamente por otra veterinaria, para ofrecer una segunda opinión profesional que quede respaldada en el historial médico.
Prioridad MoSCoW: Should
Fuente del requisito (Origen): EV-24
",,ANDY JOHEL MENDOZA PARRAGA,712020:884f7e0f-7d28-438f-9a31-7e1967687792,,,,,,,,,0|i0006n:,,,,EV-24,Should,,,Por hacer,22/ago/26 4:48 PM,10004,KAN-5,"E5 — Cuenta, privacidad y comunicación"
"Verificar que el formulario exige nombre, especie, raza, sexo, edad y estado reproductivo.",KAN-32,10031,Subtarea,Backlog,KAN,MundiPets,software,ANDY JOHEL MENDOZA PARRAGA,712020:884f7e0f-7d28-438f-9a31-7e1967687792,,Medium,,,,ANDY JOHEL MENDOZA PARRAGA,712020:884f7e0f-7d28-438f-9a31-7e1967687792,ANDY JOHEL MENDOZA PARRAGA,712020:884f7e0f-7d28-438f-9a31-7e1967687792,09/ago/26 2:11 PM,09/ago/26 2:11 PM,,,,0,,,ANDY JOHEL MENDOZA PARRAGA,712020:884f7e0f-7d28-438f-9a31-7e1967687792,,,,,,,,,0|i0006v:,,,,,,,,Por hacer,09/ago/26 2:11 PM,10005,KAN-6,Registrar mascota
Verificar que el perfil queda almacenado y es consultable inmediatamente tras el registro.,KAN-33,10032,Subtarea,Backlog,KAN,MundiPets,software,ANDY JOHEL MENDOZA PARRAGA,712020:884f7e0f-7d28-438f-9a31-7e1967687792,,Medium,,,,ANDY JOHEL MENDOZA PARRAGA,712020:884f7e0f-7d28-438f-9a31-7e1967687792,ANDY JOHEL MENDOZA PARRAGA,712020:884f7e0f-7d28-438f-9a31-7e1967687792,09/ago/26 2:12 PM,09/ago/26 2:12 PM,,,,0,,,ANDY JOHEL MENDOZA PARRAGA,712020:884f7e0f-7d28-438f-9a31-7e1967687792,,,,,,,,,0|i00073:,,,,,,,,Por hacer,09/ago/26 2:12 PM,10005,KAN-6,Registrar mascota
"Verificar que se puede registrar una vacuna con fecha de aplicación, cepa y aplicador.",KAN-34,10033,Subtarea,Backlog,KAN,MundiPets,software,ANDY JOHEL MENDOZA PARRAGA,712020:884f7e0f-7d28-438f-9a31-7e1967687792,,Medium,,,,ANDY JOHEL MENDOZA PARRAGA,712020:884f7e0f-7d28-438f-9a31-7e1967687792,ANDY JOHEL MENDOZA PARRAGA,712020:884f7e0f-7d28-438f-9a31-7e1967687792,09/ago/26 2:12 PM,09/ago/26 2:12 PM,,,,0,,,ANDY JOHEL MENDOZA PARRAGA,712020:884f7e0f-7d28-438f-9a31-7e1967687792,,,,,,,,,0|i0007b:,,,,,,,,Por hacer,09/ago/26 2:12 PM,10018,KAN-19,Gestionar historial médico de la mascota
Verificar que el historial actualizado es visible para usuarios autorizados.,KAN-35,10034,Subtarea,Backlog,KAN,MundiPets,software,ANDY JOHEL MENDOZA PARRAGA,712020:884f7e0f-7d28-438f-9a31-7e1967687792,,Medium,,,,ANDY JOHEL MENDOZA PARRAGA,712020:884f7e0f-7d28-438f-9a31-7e1967687792,ANDY JOHEL MENDOZA PARRAGA,712020:884f7e0f-7d28-438f-9a31-7e1967687792,09/ago/26 2:13 PM,09/ago/26 2:13 PM,,,,0,,,ANDY JOHEL MENDOZA PARRAGA,712020:884f7e0f-7d28-438f-9a31-7e1967687792,,,,,,,,,0|i0007j:,,,,,,,,Por hacer,09/ago/26 2:13 PM,10018,KAN-19,Gestionar historial médico de la mascota
"Verificar que el perfil muestra datos generales, historial médico y fotografías.",KAN-36,10035,Subtarea,Backlog,KAN,MundiPets,software,ANDY JOHEL MENDOZA PARRAGA,712020:884f7e0f-7d28-438f-9a31-7e1967687792,,Medium,,,,ANDY JOHEL MENDOZA PARRAGA,712020:884f7e0f-7d28-438f-9a31-7e1967687792,ANDY JOHEL MENDOZA PARRAGA,712020:884f7e0f-7d28-438f-9a31-7e1967687792,09/ago/26 2:13 PM,09/ago/26 2:13 PM,,,,0,,,ANDY JOHEL MENDOZA PARRAGA,712020:884f7e0f-7d28-438f-9a31-7e1967687792,,,,,,,,,0|i0007r:,,,,,,,,Por hacer,09/ago/26 2:13 PM,10006,KAN-7,Consultar perfil completo de una mascota
Verificar que un usuario no autorizado no ve datos de contacto ni ubicación exacta (RNF-16),KAN-37,10036,Subtarea,Backlog,KAN,MundiPets,software,ANDY JOHEL MENDOZA PARRAGA,712020:884f7e0f-7d28-438f-9a31-7e1967687792,,Medium,,,,ANDY JOHEL MENDOZA PARRAGA,712020:884f7e0f-7d28-438f-9a31-7e1967687792,ANDY JOHEL MENDOZA PARRAGA,712020:884f7e0f-7d28-438f-9a31-7e1967687792,09/ago/26 2:13 PM,09/ago/26 2:13 PM,,,,0,,,ANDY JOHEL MENDOZA PARRAGA,712020:884f7e0f-7d28-438f-9a31-7e1967687792,,,,,,,,,0|i0007z:,,,,,,,,Por hacer,09/ago/26 2:13 PM,10006,KAN-7,Consultar perfil completo de una mascota
Verificar que el adoptante puede enviar una solicitud con su información de perfil.,KAN-38,10037,Subtarea,Backlog,KAN,MundiPets,software,ANDY JOHEL MENDOZA PARRAGA,712020:884f7e0f-7d28-438f-9a31-7e1967687792,,Medium,,,,ANDY JOHEL MENDOZA PARRAGA,712020:884f7e0f-7d28-438f-9a31-7e1967687792,ANDY JOHEL MENDOZA PARRAGA,712020:884f7e0f-7d28-438f-9a31-7e1967687792,09/ago/26 2:14 PM,09/ago/26 2:14 PM,,,,0,,,ANDY JOHEL MENDOZA PARRAGA,712020:884f7e0f-7d28-438f-9a31-7e1967687792,,,,,,,,,0|i00087:,,,,,,,,Por hacer,09/ago/26 2:14 PM,10012,KAN-13,Gestionar solicitudes de adopción
Verificar que el propietario (o refugio) puede aceptar o rechazar la solicitud,KAN-39,10038,Subtarea,Backlog,KAN,MundiPets,software,ANDY JOHEL MENDOZA PARRAGA,712020:884f7e0f-7d28-438f-9a31-7e1967687792,,Medium,,,,ANDY JOHEL MENDOZA PARRAGA,712020:884f7e0f-7d28-438f-9a31-7e1967687792,ANDY JOHEL MENDOZA PARRAGA,712020:884f7e0f-7d28-438f-9a31-7e1967687792,09/ago/26 2:14 PM,09/ago/26 2:14 PM,,,,0,,,ANDY JOHEL MENDOZA PARRAGA,712020:884f7e0f-7d28-438f-9a31-7e1967687792,,,,,,,,,0|i0008f:,,,,,,,,Por hacer,09/ago/26 2:14 PM,10012,KAN-13,Gestionar solicitudes de adopción
Verificar que el sistema calcula un resultado de compatibilidad a partir de antecedentes genéticos.,KAN-40,10039,Subtarea,Backlog,KAN,MundiPets,software,ANDY JOHEL MENDOZA PARRAGA,712020:884f7e0f-7d28-438f-9a31-7e1967687792,,Medium,,,,ANDY JOHEL MENDOZA PARRAGA,712020:884f7e0f-7d28-438f-9a31-7e1967687792,ANDY JOHEL MENDOZA PARRAGA,712020:884f7e0f-7d28-438f-9a31-7e1967687792,09/ago/26 2:14 PM,09/ago/26 2:14 PM,,,,0,,,ANDY JOHEL MENDOZA PARRAGA,712020:884f7e0f-7d28-438f-9a31-7e1967687792,,,,,,,,,0|i0008n:,,,,,,,,Por hacer,09/ago/26 2:14 PM,10022,KAN-23,Evaluar compatibilidad entre mascotas para cruza
Verificar que se muestra una explicación causal del resultado en máximo 60 palabras (RNF-13).,KAN-41,10040,Subtarea,Backlog,KAN,MundiPets,software,ANDY JOHEL MENDOZA PARRAGA,712020:884f7e0f-7d28-438f-9a31-7e1967687792,,Medium,,,,ANDY JOHEL MENDOZA PARRAGA,712020:884f7e0f-7d28-438f-9a31-7e1967687792,ANDY JOHEL MENDOZA PARRAGA,712020:884f7e0f-7d28-438f-9a31-7e1967687792,09/ago/26 2:14 PM,09/ago/26 2:14 PM,,,,0,,,ANDY JOHEL MENDOZA PARRAGA,712020:884f7e0f-7d28-438f-9a31-7e1967687792,,,,,,,,,0|i0008v:,,,,,,,,Por hacer,09/ago/26 2:14 PM,10022,KAN-23,Evaluar compatibilidad entre mascotas para cruza
Controlar y alertar sobre solicitudes repetitivas de cruza de una misma mascota,KAN-42,10041,Historia,Backlog,KAN,MundiPets,software,ANDY JOHEL MENDOZA PARRAGA,712020:884f7e0f-7d28-438f-9a31-7e1967687792,,Medium,,,,ANDY JOHEL MENDOZA PARRAGA,712020:884f7e0f-7d28-438f-9a31-7e1967687792,ANDY JOHEL MENDOZA PARRAGA,712020:884f7e0f-7d28-438f-9a31-7e1967687792,22/ago/26 5:52 PM,22/ago/26 7:14 PM,22/ago/26 7:14 PM,,,0,"RF asociado: RF-27
Historia de usuario (HU-27): Como propietario de mascota o interesado en cruza, quiero recibir una alerta cuando una misma mascota supere dos procesos de cruza en seis meses, para evitar la sobreexplotación reproductiva de la mascota.
Prioridad MoSCoW: Should
Fuente del requisito (Origen): EV-23
",,ANDY JOHEL MENDOZA PARRAGA,712020:884f7e0f-7d28-438f-9a31-7e1967687792,,,,,,,,,0|i00093:,,,,EV-23,Should,,,Por hacer,22/ago/26 5:52 PM,10001,KAN-2,E2 — Adopción y solicitudes
"Verificar que la busqueda con filtros (especie, raza, edad, tamano, temperamento) devuelve resultados que corresponden a los criterios seleccionados",KAN-43,10042,Subtarea,Backlog,KAN,MundiPets,software,ANDY JOHEL MENDOZA PARRAGA,712020:884f7e0f-7d28-438f-9a31-7e1967687792,,Medium,,,,ANDY JOHEL MENDOZA PARRAGA,712020:884f7e0f-7d28-438f-9a31-7e1967687792,ANDY JOHEL MENDOZA PARRAGA,712020:884f7e0f-7d28-438f-9a31-7e1967687792,22/ago/26 5:55 PM,22/ago/26 5:55 PM,,,,0,,,ANDY JOHEL MENDOZA PARRAGA,712020:884f7e0f-7d28-438f-9a31-7e1967687792,,,,,,,,,0|i0009b:,,,,,,,,Por hacer,22/ago/26 5:55 PM,10007,KAN-8,Buscar y filtrar mascotas
Verificar que sin filtros aplicados se muestra el listado general de mascotas disponibles,KAN-44,10043,Subtarea,Backlog,KAN,MundiPets,software,ANDY JOHEL MENDOZA PARRAGA,712020:884f7e0f-7d28-438f-9a31-7e1967687792,,Medium,,,,ANDY JOHEL MENDOZA PARRAGA,712020:884f7e0f-7d28-438f-9a31-7e1967687792,ANDY JOHEL MENDOZA PARRAGA,712020:884f7e0f-7d28-438f-9a31-7e1967687792,22/ago/26 5:55 PM,22/ago/26 5:55 PM,,,,0,,,ANDY JOHEL MENDOZA PARRAGA,712020:884f7e0f-7d28-438f-9a31-7e1967687792,,,,,,,,,0|i0009j:,,,,,,,,Por hacer,22/ago/26 5:55 PM,10007,KAN-8,Buscar y filtrar mascotas
Verificar la publicacion exitosa de una mascota para adopcion,KAN-45,10044,Subtarea,Backlog,KAN,MundiPets,software,ANDY JOHEL MENDOZA PARRAGA,712020:884f7e0f-7d28-438f-9a31-7e1967687792,,Medium,,,,ANDY JOHEL MENDOZA PARRAGA,712020:884f7e0f-7d28-438f-9a31-7e1967687792,ANDY JOHEL MENDOZA PARRAGA,712020:884f7e0f-7d28-438f-9a31-7e1967687792,22/ago/26 5:55 PM,22/ago/26 5:55 PM,,,,0,,,ANDY JOHEL MENDOZA PARRAGA,712020:884f7e0f-7d28-438f-9a31-7e1967687792,,,,,,,,,0|i0009r:,,,,,,,,Por hacer,22/ago/26 5:55 PM,10008,KAN-9,Registrar publicaciones de mascotas
Verificar que el sistema rechaza la publicacion de una mascota no registrada,KAN-46,10045,Subtarea,Backlog,KAN,MundiPets,software,ANDY JOHEL MENDOZA PARRAGA,712020:884f7e0f-7d28-438f-9a31-7e1967687792,,Medium,,,,ANDY JOHEL MENDOZA PARRAGA,712020:884f7e0f-7d28-438f-9a31-7e1967687792,ANDY JOHEL MENDOZA PARRAGA,712020:884f7e0f-7d28-438f-9a31-7e1967687792,22/ago/26 5:55 PM,22/ago/26 5:55 PM,,,,0,,,ANDY JOHEL MENDOZA PARRAGA,712020:884f7e0f-7d28-438f-9a31-7e1967687792,,,,,,,,,0|i0009z:,,,,,,,,Por hacer,22/ago/26 5:55 PM,10008,KAN-9,Registrar publicaciones de mascotas
Verificar que el sistema acepta imagenes validas cargadas por el usuario,KAN-47,10046,Subtarea,Backlog,KAN,MundiPets,software,ANDY JOHEL MENDOZA PARRAGA,712020:884f7e0f-7d28-438f-9a31-7e1967687792,,Medium,,,,ANDY JOHEL MENDOZA PARRAGA,712020:884f7e0f-7d28-438f-9a31-7e1967687792,ANDY JOHEL MENDOZA PARRAGA,712020:884f7e0f-7d28-438f-9a31-7e1967687792,22/ago/26 5:55 PM,22/ago/26 5:55 PM,,,,0,,,ANDY JOHEL MENDOZA PARRAGA,712020:884f7e0f-7d28-438f-9a31-7e1967687792,,,,,,,,,0|i000a7:,,,,,,,,Por hacer,22/ago/26 5:55 PM,10009,KAN-10,Validar imágenes
"Verificar que el sistema rechaza imagenes invalidas, indicando el motivo del rechazo",KAN-48,10047,Subtarea,Backlog,KAN,MundiPets,software,ANDY JOHEL MENDOZA PARRAGA,712020:884f7e0f-7d28-438f-9a31-7e1967687792,,Medium,,,,ANDY JOHEL MENDOZA PARRAGA,712020:884f7e0f-7d28-438f-9a31-7e1967687792,ANDY JOHEL MENDOZA PARRAGA,712020:884f7e0f-7d28-438f-9a31-7e1967687792,22/ago/26 5:55 PM,22/ago/26 5:55 PM,,,,0,,,ANDY JOHEL MENDOZA PARRAGA,712020:884f7e0f-7d28-438f-9a31-7e1967687792,,,,,,,,,0|i000af:,,,,,,,,Por hacer,22/ago/26 5:55 PM,10009,KAN-10,Validar imágenes
"Verificar que al registrar un numero de microchip, este se muestra correctamente en el perfil de la mascota",KAN-49,10048,Subtarea,Backlog,KAN,MundiPets,software,ANDY JOHEL MENDOZA PARRAGA,712020:884f7e0f-7d28-438f-9a31-7e1967687792,,Medium,,,,ANDY JOHEL MENDOZA PARRAGA,712020:884f7e0f-7d28-438f-9a31-7e1967687792,ANDY JOHEL MENDOZA PARRAGA,712020:884f7e0f-7d28-438f-9a31-7e1967687792,22/ago/26 5:55 PM,22/ago/26 5:55 PM,,,,0,,,ANDY JOHEL MENDOZA PARRAGA,712020:884f7e0f-7d28-438f-9a31-7e1967687792,,,,,,,,,0|i000an:,,,,,,,,Por hacer,22/ago/26 5:55 PM,10010,KAN-11,Registrar identificador de microchip
Verificar que el sistema no permite registrar un identificador de microchip duplicado,KAN-50,10049,Subtarea,Backlog,KAN,MundiPets,software,ANDY JOHEL MENDOZA PARRAGA,712020:884f7e0f-7d28-438f-9a31-7e1967687792,,Medium,,,,ANDY JOHEL MENDOZA PARRAGA,712020:884f7e0f-7d28-438f-9a31-7e1967687792,ANDY JOHEL MENDOZA PARRAGA,712020:884f7e0f-7d28-438f-9a31-7e1967687792,22/ago/26 5:55 PM,22/ago/26 5:55 PM,,,,0,,,ANDY JOHEL MENDOZA PARRAGA,712020:884f7e0f-7d28-438f-9a31-7e1967687792,,,,,,,,,0|i000av:,,,,,,,,Por hacer,22/ago/26 5:55 PM,10010,KAN-11,Registrar identificador de microchip
"Verificar que al publicar un aviso de mascota extraviada, este aparece visible para otros usuarios con los datos de contacto",KAN-51,10050,Subtarea,Backlog,KAN,MundiPets,software,ANDY JOHEL MENDOZA PARRAGA,712020:884f7e0f-7d28-438f-9a31-7e1967687792,,Medium,,,,ANDY JOHEL MENDOZA PARRAGA,712020:884f7e0f-7d28-438f-9a31-7e1967687792,ANDY JOHEL MENDOZA PARRAGA,712020:884f7e0f-7d28-438f-9a31-7e1967687792,22/ago/26 5:55 PM,22/ago/26 5:55 PM,,,,0,,,ANDY JOHEL MENDOZA PARRAGA,712020:884f7e0f-7d28-438f-9a31-7e1967687792,,,,,,,,,0|i000b3:,,,,,,,,Por hacer,22/ago/26 5:55 PM,10011,KAN-12,Publicar aviso de mascota extraviada
Verificar que el propietario puede marcar el aviso como resuelto una vez encontrada la mascota,KAN-52,10051,Subtarea,Backlog,KAN,MundiPets,software,ANDY JOHEL MENDOZA PARRAGA,712020:884f7e0f-7d28-438f-9a31-7e1967687792,,Medium,,,,ANDY JOHEL MENDOZA PARRAGA,712020:884f7e0f-7d28-438f-9a31-7e1967687792,ANDY JOHEL MENDOZA PARRAGA,712020:884f7e0f-7d28-438f-9a31-7e1967687792,22/ago/26 5:56 PM,22/ago/26 5:56 PM,,,,0,,,ANDY JOHEL MENDOZA PARRAGA,712020:884f7e0f-7d28-438f-9a31-7e1967687792,,,,,,,,,0|i000bb:,,,,,,,,Por hacer,22/ago/26 5:56 PM,10011,KAN-12,Publicar aviso de mascota extraviada
"Verificar que al consultar el historial de un propietario con procesos registrados, la informacion corresponde a los registros almacenados",KAN-53,10052,Subtarea,Backlog,KAN,MundiPets,software,ANDY JOHEL MENDOZA PARRAGA,712020:884f7e0f-7d28-438f-9a31-7e1967687792,,Medium,,,,ANDY JOHEL MENDOZA PARRAGA,712020:884f7e0f-7d28-438f-9a31-7e1967687792,ANDY JOHEL MENDOZA PARRAGA,712020:884f7e0f-7d28-438f-9a31-7e1967687792,22/ago/26 5:56 PM,22/ago/26 5:56 PM,,,,0,,,ANDY JOHEL MENDOZA PARRAGA,712020:884f7e0f-7d28-438f-9a31-7e1967687792,,,,,,,,,0|i000bj:,,,,,,,,Por hacer,22/ago/26 5:56 PM,10013,KAN-14,Consultar historial de procesos de adopción y cruza
Verificar que un propietario sin procesos registrados visualiza un historial vacio sin errores,KAN-54,10053,Subtarea,Backlog,KAN,MundiPets,software,ANDY JOHEL MENDOZA PARRAGA,712020:884f7e0f-7d28-438f-9a31-7e1967687792,,Medium,,,,ANDY JOHEL MENDOZA PARRAGA,712020:884f7e0f-7d28-438f-9a31-7e1967687792,ANDY JOHEL MENDOZA PARRAGA,712020:884f7e0f-7d28-438f-9a31-7e1967687792,22/ago/26 6:05 PM,22/ago/26 6:05 PM,,,,0,,,ANDY JOHEL MENDOZA PARRAGA,712020:884f7e0f-7d28-438f-9a31-7e1967687792,,,,,,,,,0|i000br:,,,,,,,,Por hacer,22/ago/26 6:05 PM,10013,KAN-14,Consultar historial de procesos de adopción y cruza
Verificar el avance exitoso de una etapa del flujo de adopcion,KAN-55,10054,Subtarea,Backlog,KAN,MundiPets,software,ANDY JOHEL MENDOZA PARRAGA,712020:884f7e0f-7d28-438f-9a31-7e1967687792,,Medium,,,,ANDY JOHEL MENDOZA PARRAGA,712020:884f7e0f-7d28-438f-9a31-7e1967687792,ANDY JOHEL MENDOZA PARRAGA,712020:884f7e0f-7d28-438f-9a31-7e1967687792,22/ago/26 6:05 PM,22/ago/26 6:05 PM,,,,0,,,ANDY JOHEL MENDOZA PARRAGA,712020:884f7e0f-7d28-438f-9a31-7e1967687792,,,,,,,,,0|i000bz:,,,,,,,,Por hacer,22/ago/26 6:05 PM,10014,KAN-15,Gestionar flujo de solicitud de adopción por etapas
Verificar que la solicitud se detiene cuando una etapa tiene resultado desfavorable,KAN-56,10055,Subtarea,Backlog,KAN,MundiPets,software,ANDY JOHEL MENDOZA PARRAGA,712020:884f7e0f-7d28-438f-9a31-7e1967687792,,Medium,,,,ANDY JOHEL MENDOZA PARRAGA,712020:884f7e0f-7d28-438f-9a31-7e1967687792,ANDY JOHEL MENDOZA PARRAGA,712020:884f7e0f-7d28-438f-9a31-7e1967687792,22/ago/26 6:05 PM,22/ago/26 6:05 PM,,,,0,,,ANDY JOHEL MENDOZA PARRAGA,712020:884f7e0f-7d28-438f-9a31-7e1967687792,,,,,,,,,0|i000c7:,,,,,,,,Por hacer,22/ago/26 6:05 PM,10014,KAN-15,Gestionar flujo de solicitud de adopción por etapas
"Verificar que al programar un encuentro entre dos usuarios, ambos reciben la notificacion correspondiente",KAN-57,10056,Subtarea,Backlog,KAN,MundiPets,software,ANDY JOHEL MENDOZA PARRAGA,712020:884f7e0f-7d28-438f-9a31-7e1967687792,,Medium,,,,ANDY JOHEL MENDOZA PARRAGA,712020:884f7e0f-7d28-438f-9a31-7e1967687792,ANDY JOHEL MENDOZA PARRAGA,712020:884f7e0f-7d28-438f-9a31-7e1967687792,22/ago/26 6:07 PM,22/ago/26 6:07 PM,,,,0,,,ANDY JOHEL MENDOZA PARRAGA,712020:884f7e0f-7d28-438f-9a31-7e1967687792,,,,,,,,,0|i000cf:,,,,,,,,Por hacer,22/ago/26 6:07 PM,10015,KAN-16,Coordinar encuentros de socialización supervisados
