ID_Anonimo,ID_Real,Tipo,Texto_Requisito,Clasificacion_Experto,Tipo_Mal_Olor,Justificacion,Confianza,Evaluador,Fecha
REQ-01,RNF-13,RNF,"El sistema deberá presentar, junto con el resultado de compatibilidad para cruza, una explicación causal de los factores que influyeron en el resultado (raza, edad, estado de salud, antecedentes genéticos), en un máximo de 60 palabras y con un tiempo de generación no mayor a 2 segundos.",No ambiguo,Ninguno,"Incluye una métrica, umbral, plataforma o condición objetiva que permite comprobar su cumplimiento.",5,Experto 1,28/07/2026
REQ-01,RNF-13,RNF,"El sistema deberá presentar, junto con el resultado de compatibilidad para cruza, una explicación causal de los factores que influyeron en el resultado (raza, edad, estado de salud, antecedentes genéticos), en un máximo de 60 palabras y con un tiempo de generación no mayor a 2 segundos.",No ambiguo,Ninguno,"Considero que incluye una métrica, umbral, plataforma o condición objetiva que permite comprobar su cumplimiento.",5,Experto 2,28/07/2026
REQ-01,RNF-13,RNF,"El sistema deberá presentar, junto con el resultado de compatibilidad para cruza, una explicación causal de los factores que influyeron en el resultado (raza, edad, estado de salud, antecedentes genéticos), en un máximo de 60 palabras y con un tiempo de generación no mayor a 2 segundos.",No ambiguo,Ninguno,"Se identifica que incluye una métrica, umbral, plataforma o condición objetiva que permite comprobar su cumplimiento.",5,Experto 3,28/07/2026
REQ-02,RF-24,RF,"El sistema deberá permitir registrar, además de la fecha, la cepa o marca del biológico y el profesional que aplicó cada vacuna dentro del carnet de vacunación.",No ambiguo,Ninguno,"La función, los datos o condiciones principales y el resultado esperado están suficientemente delimitados para diseñar una prueba funcional.",5,Experto 1,28/07/2026
REQ-02,RF-24,RF,"El sistema deberá permitir registrar, además de la fecha, la cepa o marca del biológico y el profesional que aplicó cada vacuna dentro del carnet de vacunación.",No ambiguo,Ninguno,"Considero que la función, los datos o condiciones principales y el resultado esperado están suficientemente delimitados para diseñar una prueba funcional.",5,Experto 2,28/07/2026
REQ-02,RF-24,RF,"El sistema deberá permitir registrar, además de la fecha, la cepa o marca del biológico y el profesional que aplicó cada vacuna dentro del carnet de vacunación.",No ambiguo,Ninguno,"Se identifica que la función, los datos o condiciones principales y el resultado esperado están suficientemente delimitados para diseñar una prueba funcional.",5,Experto 3,28/07/2026
REQ-03,RNF-05,RNF,"El sistema deberá garantizar que únicamente los usuarios autorizados puedan modificar el historial médico de una mascota, evitando que durante las pruebas se produzcan modificaciones no autorizadas.",No ambiguo,Ninguno,"Incluye una métrica, umbral, plataforma o condición objetiva que permite comprobar su cumplimiento.",5,Experto 1,28/07/2026
REQ-03,RNF-05,RNF,"El sistema deberá garantizar que únicamente los usuarios autorizados puedan modificar el historial médico de una mascota, evitando que durante las pruebas se produzcan modificaciones no autorizadas.",No ambiguo,Ninguno,"Considero que incluye una métrica, umbral, plataforma o condición objetiva que permite comprobar su cumplimiento.",5,Experto 2,28/07/2026
REQ-03,RNF-05,RNF,"El sistema deberá garantizar que únicamente los usuarios autorizados puedan modificar el historial médico de una mascota, evitando que durante las pruebas se produzcan modificaciones no autorizadas.",No ambiguo,Ninguno,"Se identifica que incluye una métrica, umbral, plataforma o condición objetiva que permite comprobar su cumplimiento.",5,Experto 3,28/07/2026
REQ-04,RF-25,RF,"El sistema deberá permitir al propietario publicar un aviso público de mascota extraviada, incluyendo fotografías, identificador de microchip y datos de contacto para facilitar su localización.",No ambiguo,Ninguno,"La función, los datos o condiciones principales y el resultado esperado están suficientemente delimitados para diseñar una prueba funcional.",5,Experto 1,28/07/2026
REQ-04,RF-25,RF,"El sistema deberá permitir al propietario publicar un aviso público de mascota extraviada, incluyendo fotografías, identificador de microchip y datos de contacto para facilitar su localización.",No ambiguo,Ninguno,"Considero que la función, los datos o condiciones principales y el resultado esperado están suficientemente delimitados para diseñar una prueba funcional.",5,Experto 2,28/07/2026
REQ-04,RF-25,RF,"El sistema deberá permitir al propietario publicar un aviso público de mascota extraviada, incluyendo fotografías, identificador de microchip y datos de contacto para facilitar su localización.",No ambiguo,Ninguno,"Se identifica que la función, los datos o condiciones principales y el resultado esperado están suficientemente delimitados para diseñar una prueba funcional.",5,Experto 3,28/07/2026
REQ-05,RF-23,RF,El sistema deberá emitir una alerta cuando se intente registrar una interacción o solicitud de cruza entre mascotas que presenten una disparidad de tamaño significativa o una enfermedad contagiosa activa registrada en el historial médico.,Ambiguo,Cuantificador vago,"No se define el umbral de una «disparidad de tamaño significativa», por lo que la activación de la alerta puede variar.",4,Experto 1,28/07/2026
REQ-05,RF-23,RF,El sistema deberá emitir una alerta cuando se intente registrar una interacción o solicitud de cruza entre mascotas que presenten una disparidad de tamaño significativa o una enfermedad contagiosa activa registrada en el historial médico.,Ambiguo,Cuantificador vago,"Se observa que no se define el umbral de una «disparidad de tamaño significativa», por lo que la activación de la alerta puede variar.",4,Experto 2,28/07/2026
REQ-05,RF-23,RF,El sistema deberá emitir una alerta cuando se intente registrar una interacción o solicitud de cruza entre mascotas que presenten una disparidad de tamaño significativa o una enfermedad contagiosa activa registrada en el historial médico.,Ambiguo,Cuantificador vago,"La redacción presenta ambigüedad porque no se define el umbral de una «disparidad de tamaño significativa», por lo que la activación de la alerta puede variar.",4,Experto 3,28/07/2026
REQ-06,RF-14,RF,"El sistema deberá permitir registrar, actualizar y consultar el carnet de vacunación de cada mascota, mostrando el historial de vacunas aplicadas, fechas, próximas dosis y su estado de vigencia.",No ambiguo,Ninguno,"La función, los datos o condiciones principales y el resultado esperado están suficientemente delimitados para diseñar una prueba funcional.",5,Experto 1,28/07/2026
REQ-06,RF-14,RF,"El sistema deberá permitir registrar, actualizar y consultar el carnet de vacunación de cada mascota, mostrando el historial de vacunas aplicadas, fechas, próximas dosis y su estado de vigencia.",No ambiguo,Ninguno,"Considero que la función, los datos o condiciones principales y el resultado esperado están suficientemente delimitados para diseñar una prueba funcional.",5,Experto 2,28/07/2026
REQ-06,RF-14,RF,"El sistema deberá permitir registrar, actualizar y consultar el carnet de vacunación de cada mascota, mostrando el historial de vacunas aplicadas, fechas, próximas dosis y su estado de vigencia.",No ambiguo,Ninguno,"Se identifica que la función, los datos o condiciones principales y el resultado esperado están suficientemente delimitados para diseñar una prueba funcional.",5,Experto 3,28/07/2026
REQ-07,RF-17,RF,"El sistema deberá utilizar un componente de inteligencia artificial para validar las imágenes cargadas por los usuarios, verificando que correspondan al tipo de contenido esperado y rechazando aquellas que sean inapropiadas o no cumplan con los criterios establecidos.",Ambiguo,Cuantificador vago,"Los términos «contenido esperado», «inapropiadas» y «criterios establecidos» carecen de reglas o umbrales explícitos.",4,Experto 1,28/07/2026
REQ-07,RF-17,RF,"El sistema deberá utilizar un componente de inteligencia artificial para validar las imágenes cargadas por los usuarios, verificando que correspondan al tipo de contenido esperado y rechazando aquellas que sean inapropiadas o no cumplan con los criterios establecidos.",Ambiguo,Cuantificador vago,"Se observa que los términos «contenido esperado», «inapropiadas» y «criterios establecidos» carecen de reglas o umbrales explícitos.",4,Experto 2,28/07/2026
REQ-07,RF-17,RF,"El sistema deberá utilizar un componente de inteligencia artificial para validar las imágenes cargadas por los usuarios, verificando que correspondan al tipo de contenido esperado y rechazando aquellas que sean inapropiadas o no cumplan con los criterios establecidos.",Ambiguo,Cuantificador vago,"La redacción presenta ambigüedad porque los términos «contenido esperado», «inapropiadas» y «criterios establecidos» carecen de reglas o umbrales explícitos.",4,Experto 3,28/07/2026
REQ-08,RD-02,RD,"El sistema deberá implementar un mecanismo de control de acceso basado en roles para diferenciar los permisos de propietarios, veterinarias y administradores.",Ambiguo,Requisito no verificable / incompleto,"Enumera roles, pero no define la matriz de permisos o las operaciones permitidas y prohibidas para cada uno.",4,Experto 1,28/07/2026
REQ-08,RD-02,RD,"El sistema deberá implementar un mecanismo de control de acceso basado en roles para diferenciar los permisos de propietarios, veterinarias y administradores.",No ambiguo,Ninguno,Considero que define el uso obligatorio de control de acceso basado en roles y los perfiles que deben diferenciarse.,3,Experto 2,28/07/2026
REQ-08,RD-02,RD,"El sistema deberá implementar un mecanismo de control de acceso basado en roles para diferenciar los permisos de propietarios, veterinarias y administradores.",Ambiguo,Requisito no verificable / incompleto,"La redacción presenta ambigüedad porque enumera roles, pero no define la matriz de permisos o las operaciones permitidas y prohibidas para cada uno.",4,Experto 3,28/07/2026
REQ-09,RNF-06,RNF,El componente de inteligencia artificial deberá generar recomendaciones de compatibilidad para procesos de cruza con una coincidencia mínima del 85 % respecto a las evaluaciones realizadas por médicos veterinarios durante las pruebas de validación.,Ambiguo,Terminología imprecisa,La «coincidencia mínima del 85 %» no especifica la métrica estadística ni cómo se resolverán desacuerdos entre veterinarios.,4,Experto 1,28/07/2026
REQ-09,RNF-06,RNF,El componente de inteligencia artificial deberá generar recomendaciones de compatibilidad para procesos de cruza con una coincidencia mínima del 85 % respecto a las evaluaciones realizadas por médicos veterinarios durante las pruebas de validación.,Ambiguo,Terminología imprecisa,Se observa que la «coincidencia mínima del 85 %» no especifica la métrica estadística ni cómo se resolverán desacuerdos entre veterinarios.,4,Experto 2,28/07/2026
REQ-09,RNF-06,RNF,El componente de inteligencia artificial deberá generar recomendaciones de compatibilidad para procesos de cruza con una coincidencia mínima del 85 % respecto a las evaluaciones realizadas por médicos veterinarios durante las pruebas de validación.,Ambiguo,Terminología imprecisa,La redacción presenta ambigüedad porque la «coincidencia mínima del 85 %» no especifica la métrica estadística ni cómo se resolverán desacuerdos entre veterinarios.,4,Experto 3,28/07/2026
REQ-10,RF-05,RF,"El sistema deberá permitir que un usuario interesado envíe solicitudes de adopción, incluyendo su fotografía de perfil, y que el propietario pueda aceptarlas o rechazarlas después de revisar la información del solicitante.",Ambiguo,Conjunción múltiple,"Integra el envío, la revisión y la aceptación o rechazo de la solicitud en un solo requisito, aunque son comportamientos verificables distintos.",4,Experto 1,28/07/2026
REQ-10,RF-05,RF,"El sistema deberá permitir que un usuario interesado envíe solicitudes de adopción, incluyendo su fotografía de perfil, y que el propietario pueda aceptarlas o rechazarlas después de revisar la información del solicitante.",Ambiguo,Conjunción múltiple,"Se observa que integra el envío, la revisión y la aceptación o rechazo de la solicitud en un solo requisito, aunque son comportamientos verificables distintos.",4,Experto 2,28/07/2026
REQ-10,RF-05,RF,"El sistema deberá permitir que un usuario interesado envíe solicitudes de adopción, incluyendo su fotografía de perfil, y que el propietario pueda aceptarlas o rechazarlas después de revisar la información del solicitante.",Ambiguo,Conjunción múltiple,"La redacción presenta ambigüedad porque integra el envío, la revisión y la aceptación o rechazo de la solicitud en un solo requisito, aunque son comportamientos verificables distintos.",4,Experto 3,28/07/2026
REQ-11,RNF-03,RNF,"El sistema deberá responder a las consultas de perfiles de mascotas, historial médico y resultados de búsqueda en un tiempo máximo de 2 segundos en el percentil 95, bajo una carga nominal de 100 usuarios concurrentes.",No ambiguo,Ninguno,"Incluye una métrica, umbral, plataforma o condición objetiva que permite comprobar su cumplimiento.",5,Experto 1,28/07/2026
REQ-11,RNF-03,RNF,"El sistema deberá responder a las consultas de perfiles de mascotas, historial médico y resultados de búsqueda en un tiempo máximo de 2 segundos en el percentil 95, bajo una carga nominal de 100 usuarios concurrentes.",No ambiguo,Ninguno,"Considero que incluye una métrica, umbral, plataforma o condición objetiva que permite comprobar su cumplimiento.",5,Experto 2,28/07/2026
REQ-11,RNF-03,RNF,"El sistema deberá responder a las consultas de perfiles de mascotas, historial médico y resultados de búsqueda en un tiempo máximo de 2 segundos en el percentil 95, bajo una carga nominal de 100 usuarios concurrentes.",No ambiguo,Ninguno,"Se identifica que incluye una métrica, umbral, plataforma o condición objetiva que permite comprobar su cumplimiento.",5,Experto 3,28/07/2026
REQ-12,RF-20,RF,"El sistema deberá permitir a los propietarios coordinar encuentros presenciales entre mascotas y sus dueños en espacios públicos, con fines de socialización previa a procesos de adopción o cruza.",No ambiguo,Ninguno,"Define la función de coordinación, sus participantes, el contexto presencial y la finalidad del encuentro.",5,Experto 1,28/07/2026
REQ-12,RF-20,RF,"El sistema deberá permitir a los propietarios coordinar encuentros presenciales entre mascotas y sus dueños en espacios públicos, con fines de socialización previa a procesos de adopción o cruza.",No ambiguo,Ninguno,"Considero que define la función de coordinación, sus participantes, el contexto presencial y la finalidad del encuentro.",5,Experto 2,28/07/2026
REQ-12,RF-20,RF,"El sistema deberá permitir a los propietarios coordinar encuentros presenciales entre mascotas y sus dueños en espacios públicos, con fines de socialización previa a procesos de adopción o cruza.",No ambiguo,Ninguno,"Se identifica que define la función de coordinación, sus participantes, el contexto presencial y la finalidad del encuentro.",5,Experto 3,28/07/2026
REQ-13,RF-02,RF,"El sistema deberá permitir registrar y actualizar el historial médico de una mascota, incluyendo vacunas (con su cepa/marca y profesional aplicador), desparasitaciones, enfermedades, alergias, cirugías, tratamientos y controles veterinarios.",Ambiguo,Conjunción múltiple,"Combina el registro y la actualización del historial, además de varios tipos de antecedentes, lo que dificulta verificar cada comportamiento por separado.",3,Experto 1,28/07/2026
REQ-13,RF-02,RF,"El sistema deberá permitir registrar y actualizar el historial médico de una mascota, incluyendo vacunas (con su cepa/marca y profesional aplicador), desparasitaciones, enfermedades, alergias, cirugías, tratamientos y controles veterinarios.",No ambiguo,Ninguno,"Considero que aunque reúne registrar y actualizar, ambas operaciones pertenecen al mismo historial y los datos incluidos están enumerados.",4,Experto 2,28/07/2026
REQ-13,RF-02,RF,"El sistema deberá permitir registrar y actualizar el historial médico de una mascota, incluyendo vacunas (con su cepa/marca y profesional aplicador), desparasitaciones, enfermedades, alergias, cirugías, tratamientos y controles veterinarios.",No ambiguo,Ninguno,"Se identifica que aunque reúne registrar y actualizar, ambas operaciones pertenecen al mismo historial y los datos incluidos están enumerados.",4,Experto 3,28/07/2026
REQ-14,RD-06,RD,"El sistema deberá permitir que el propietario solicite la eliminación de su cuenta y de los datos personales asociados, ejecutando la supresión (o anonimización cuando exista obligación legal de conservación) dentro de un plazo definido.",Ambiguo,Cuantificador vago,La expresión «dentro de un plazo definido» no establece el número de días para ejecutar la supresión o anonimización.,4,Experto 1,28/07/2026
REQ-14,RD-06,RD,"El sistema deberá permitir que el propietario solicite la eliminación de su cuenta y de los datos personales asociados, ejecutando la supresión (o anonimización cuando exista obligación legal de conservación) dentro de un plazo definido.",Ambiguo,Cuantificador vago,Se observa que la expresión «dentro de un plazo definido» no establece el número de días para ejecutar la supresión o anonimización.,4,Experto 2,28/07/2026
REQ-14,RD-06,RD,"El sistema deberá permitir que el propietario solicite la eliminación de su cuenta y de los datos personales asociados, ejecutando la supresión (o anonimización cuando exista obligación legal de conservación) dentro de un plazo definido.",Ambiguo,Cuantificador vago,La redacción presenta ambigüedad porque la expresión «dentro de un plazo definido» no establece el número de días para ejecutar la supresión o anonimización.,4,Experto 3,28/07/2026
REQ-15,RF-18,RF,"El sistema deberá guiar la solicitud de adopción a través de etapas secuenciales (formulario, entrevista, visita al hogar, periodo de prueba y compromiso firmado), mostrando al solicitante y al propietario el estado de cumplimiento de cada etapa.",No ambiguo,Ninguno,"La función, los datos o condiciones principales y el resultado esperado están suficientemente delimitados para diseñar una prueba funcional.",5,Experto 1,28/07/2026
REQ-15,RF-18,RF,"El sistema deberá guiar la solicitud de adopción a través de etapas secuenciales (formulario, entrevista, visita al hogar, periodo de prueba y compromiso firmado), mostrando al solicitante y al propietario el estado de cumplimiento de cada etapa.",No ambiguo,Ninguno,"Considero que la función, los datos o condiciones principales y el resultado esperado están suficientemente delimitados para diseñar una prueba funcional.",5,Experto 2,28/07/2026
REQ-15,RF-18,RF,"El sistema deberá guiar la solicitud de adopción a través de etapas secuenciales (formulario, entrevista, visita al hogar, periodo de prueba y compromiso firmado), mostrando al solicitante y al propietario el estado de cumplimiento de cada etapa.",No ambiguo,Ninguno,"Se identifica que la función, los datos o condiciones principales y el resultado esperado están suficientemente delimitados para diseñar una prueba funcional.",5,Experto 3,28/07/2026
REQ-16,RF-03,RF,"El sistema deberá permitir visualizar el perfil completo de una mascota mostrando su información general, historial médico autorizado, fotografías, comportamiento, vacunas, edad, raza para procesos de adopción o cruza.",Ambiguo,Cuantificador vago,La expresión «perfil completo» no delimita con precisión qué campos deben mostrarse para cada rol o proceso.,4,Experto 1,28/07/2026
REQ-16,RF-03,RF,"El sistema deberá permitir visualizar el perfil completo de una mascota mostrando su información general, historial médico autorizado, fotografías, comportamiento, vacunas, edad, raza para procesos de adopción o cruza.",Ambiguo,Cuantificador vago,Se observa que la expresión «perfil completo» no delimita con precisión qué campos deben mostrarse para cada rol o proceso.,4,Experto 2,28/07/2026
REQ-16,RF-03,RF,"El sistema deberá permitir visualizar el perfil completo de una mascota mostrando su información general, historial médico autorizado, fotografías, comportamiento, vacunas, edad, raza para procesos de adopción o cruza.",Ambiguo,Cuantificador vago,La redacción presenta ambigüedad porque la expresión «perfil completo» no delimita con precisión qué campos deben mostrarse para cada rol o proceso.,4,Experto 3,28/07/2026
REQ-17,RD-08,RD,"El sistema deberá integrarse con un proveedor externo de mensajería (WhatsApp Business API) para el envío de recordatorios (RF-10), quedando su disponibilidad condicionada a las políticas y disponibilidad de dicho proveedor.",No ambiguo,Ninguno,"La restricción técnica u organizativa establece un mecanismo, tecnología o condición concreta aplicable al diseño.",5,Experto 1,28/07/2026
REQ-17,RD-08,RD,"El sistema deberá integrarse con un proveedor externo de mensajería (WhatsApp Business API) para el envío de recordatorios (RF-10), quedando su disponibilidad condicionada a las políticas y disponibilidad de dicho proveedor.",No ambiguo,Ninguno,"Considero que la restricción técnica u organizativa establece un mecanismo, tecnología o condición concreta aplicable al diseño.",5,Experto 2,28/07/2026
REQ-17,RD-08,RD,"El sistema deberá integrarse con un proveedor externo de mensajería (WhatsApp Business API) para el envío de recordatorios (RF-10), quedando su disponibilidad condicionada a las políticas y disponibilidad de dicho proveedor.",No ambiguo,Ninguno,"Se identifica que la restricción técnica u organizativa establece un mecanismo, tecnología o condición concreta aplicable al diseño.",5,Experto 3,28/07/2026
REQ-18,RF-19,RF,El sistema deberá permitir adjuntar certificados veterinarios de ambas mascotas y que una veterinaria registrada los valide antes de habilitar la opción de cruza.,No ambiguo,Ninguno,"La función, los datos o condiciones principales y el resultado esperado están suficientemente delimitados para diseñar una prueba funcional.",5,Experto 1,28/07/2026
REQ-18,RF-19,RF,El sistema deberá permitir adjuntar certificados veterinarios de ambas mascotas y que una veterinaria registrada los valide antes de habilitar la opción de cruza.,No ambiguo,Ninguno,"Considero que la función, los datos o condiciones principales y el resultado esperado están suficientemente delimitados para diseñar una prueba funcional.",5,Experto 2,28/07/2026
REQ-18,RF-19,RF,El sistema deberá permitir adjuntar certificados veterinarios de ambas mascotas y que una veterinaria registrada los valide antes de habilitar la opción de cruza.,No ambiguo,Ninguno,"Se identifica que la función, los datos o condiciones principales y el resultado esperado están suficientemente delimitados para diseñar una prueba funcional.",5,Experto 3,28/07/2026
REQ-19,RF-12,RF,El sistema deberá permitir verificar la identidad de los usuarios mediante el registro y validación de la información requerida antes de participar en procesos de adopción o cruza.,Ambiguo,Requisito no verificable / incompleto,La frase «información requerida» no identifica los datos o documentos concretos necesarios para considerar verificada la identidad.,4,Experto 1,28/07/2026
REQ-19,RF-12,RF,El sistema deberá permitir verificar la identidad de los usuarios mediante el registro y validación de la información requerida antes de participar en procesos de adopción o cruza.,Ambiguo,Requisito no verificable / incompleto,Se observa que la frase «información requerida» no identifica los datos o documentos concretos necesarios para considerar verificada la identidad.,4,Experto 2,28/07/2026
REQ-19,RF-12,RF,El sistema deberá permitir verificar la identidad de los usuarios mediante el registro y validación de la información requerida antes de participar en procesos de adopción o cruza.,Ambiguo,Requisito no verificable / incompleto,La redacción presenta ambigüedad porque la frase «información requerida» no identifica los datos o documentos concretos necesarios para considerar verificada la identidad.,4,Experto 3,28/07/2026
REQ-20,RF-09,RF,"El sistema deberá permitir que una veterinaria autorizada valide la información médica registrada de una mascota, indicando que los datos han sido verificados por un profesional.",Ambiguo,Terminología imprecisa,"El verbo «validar» puede significar revisión documental, certificación profesional o confirmación clínica, sin delimitar su alcance.",4,Experto 1,28/07/2026
REQ-20,RF-09,RF,"El sistema deberá permitir que una veterinaria autorizada valide la información médica registrada de una mascota, indicando que los datos han sido verificados por un profesional.",Ambiguo,Terminología imprecisa,"Se observa que verbo «validar» puede significar revisión documental, certificación profesional o confirmación clínica, sin delimitar su alcance.",4,Experto 2,28/07/2026
REQ-20,RF-09,RF,"El sistema deberá permitir que una veterinaria autorizada valide la información médica registrada de una mascota, indicando que los datos han sido verificados por un profesional.",Ambiguo,Terminología imprecisa,"La redacción presenta ambigüedad porque el verbo «validar» puede significar revisión documental, certificación profesional o confirmación clínica, sin delimitar su alcance.",4,Experto 3,28/07/2026
REQ-21,RF-13,RF,"El sistema deberá permitir al propietario publicar una mascota indicando si estará disponible para adopción, cruza o ambas opciones, incluyendo toda la información autorizada del perfil de la mascota.",Ambiguo,Cuantificador vago,La expresión «toda la información autorizada» no define el conjunto mínimo de campos que debe incluir cada publicación.,4,Experto 1,28/07/2026
REQ-21,RF-13,RF,"El sistema deberá permitir al propietario publicar una mascota indicando si estará disponible para adopción, cruza o ambas opciones, incluyendo toda la información autorizada del perfil de la mascota.",Ambiguo,Cuantificador vago,Se observa que la expresión «toda la información autorizada» no define el conjunto mínimo de campos que debe incluir cada publicación.,4,Experto 2,28/07/2026
REQ-21,RF-13,RF,"El sistema deberá permitir al propietario publicar una mascota indicando si estará disponible para adopción, cruza o ambas opciones, incluyendo toda la información autorizada del perfil de la mascota.",Ambiguo,Cuantificador vago,La redacción presenta ambigüedad porque la expresión «toda la información autorizada» no define el conjunto mínimo de campos que debe incluir cada publicación.,4,Experto 3,28/07/2026
REQ-22,RD-04,RD,"El sistema deberá diseñarse para proteger la información personal de los propietarios y la información clínica de las mascotas mediante mecanismos de autenticación y autorización, aplicando el principio de protección de datos desde el diseño y por defecto (Art. 39 LOPDP).",Ambiguo,Requisito no verificable / incompleto,Los principios de protección desde el diseño y por defecto son amplios y no se traducen en controles verificables concretos.,4,Experto 1,28/07/2026
REQ-22,RD-04,RD,"El sistema deberá diseñarse para proteger la información personal de los propietarios y la información clínica de las mascotas mediante mecanismos de autenticación y autorización, aplicando el principio de protección de datos desde el diseño y por defecto (Art. 39 LOPDP).",Ambiguo,Requisito no verificable / incompleto,Se observa que los principios de protección desde el diseño y por defecto son amplios y no se traducen en controles verificables concretos.,4,Experto 2,28/07/2026
REQ-22,RD-04,RD,"El sistema deberá diseñarse para proteger la información personal de los propietarios y la información clínica de las mascotas mediante mecanismos de autenticación y autorización, aplicando el principio de protección de datos desde el diseño y por defecto (Art. 39 LOPDP).",Ambiguo,Requisito no verificable / incompleto,La redacción presenta ambigüedad porque los principios de protección desde el diseño y por defecto son amplios y no se traducen en controles verificables concretos.,4,Experto 3,28/07/2026
REQ-23,RF-11,RF,"El sistema deberá permitir que el propietario determine qué información de su mascota y de su perfil podrá ser visualizada por otros usuarios, protegiendo los datos considerados sensibles (ubicación, datos de contacto y afecciones específicas).",No ambiguo,Ninguno,Identifica al propietario como responsable de configurar la visibilidad y enumera los principales datos sensibles que deben protegerse.,4,Experto 1,28/07/2026
REQ-23,RF-11,RF,"El sistema deberá permitir que el propietario determine qué información de su mascota y de su perfil podrá ser visualizada por otros usuarios, protegiendo los datos considerados sensibles (ubicación, datos de contacto y afecciones específicas).",No ambiguo,Ninguno,Considero que identifica al propietario como responsable de configurar la visibilidad y enumera los principales datos sensibles que deben protegerse.,4,Experto 2,28/07/2026
REQ-23,RF-11,RF,"El sistema deberá permitir que el propietario determine qué información de su mascota y de su perfil podrá ser visualizada por otros usuarios, protegiendo los datos considerados sensibles (ubicación, datos de contacto y afecciones específicas).",Ambiguo,Terminología imprecisa,La redacción presenta ambigüedad porque no precisa qué se entiende por «afecciones específicas» ni las reglas exactas de visibilidad para cada tipo de usuario.,3,Experto 3,28/07/2026
REQ-24,RNF-01,RNF,"El sistema deberá impedir el acceso no autorizado a la información personal de los propietarios y al historial médico de las mascotas, garantizando que durante las pruebas de seguridad no se produzcan accesos exitosos por parte de usuarios sin los permisos correspondientes.",No ambiguo,Ninguno,"Incluye una métrica, umbral, plataforma o condición objetiva que permite comprobar su cumplimiento.",5,Experto 1,28/07/2026
REQ-24,RNF-01,RNF,"El sistema deberá impedir el acceso no autorizado a la información personal de los propietarios y al historial médico de las mascotas, garantizando que durante las pruebas de seguridad no se produzcan accesos exitosos por parte de usuarios sin los permisos correspondientes.",No ambiguo,Ninguno,"Considero que incluye una métrica, umbral, plataforma o condición objetiva que permite comprobar su cumplimiento.",5,Experto 2,28/07/2026
REQ-24,RNF-01,RNF,"El sistema deberá impedir el acceso no autorizado a la información personal de los propietarios y al historial médico de las mascotas, garantizando que durante las pruebas de seguridad no se produzcan accesos exitosos por parte de usuarios sin los permisos correspondientes.",No ambiguo,Ninguno,"Se identifica que incluye una métrica, umbral, plataforma o condición objetiva que permite comprobar su cumplimiento.",5,Experto 3,28/07/2026
REQ-25,RNF-10,RNF,"El sistema deberá organizarse en módulos independientes (gestión de mascotas, adopción/cruza, mensajería, componente de IA), de forma que una modificación en un módulo no requiera cambios en más del 10 % de los archivos de otro módulo, en línea con RD-05.",No ambiguo,Ninguno,"Incluye una métrica, umbral, plataforma o condición objetiva que permite comprobar su cumplimiento.",5,Experto 1,28/07/2026
REQ-25,RNF-10,RNF,"El sistema deberá organizarse en módulos independientes (gestión de mascotas, adopción/cruza, mensajería, componente de IA), de forma que una modificación en un módulo no requiera cambios en más del 10 % de los archivos de otro módulo, en línea con RD-05.",No ambiguo,Ninguno,"Considero que incluye una métrica, umbral, plataforma o condición objetiva que permite comprobar su cumplimiento.",5,Experto 2,28/07/2026
REQ-25,RNF-10,RNF,"El sistema deberá organizarse en módulos independientes (gestión de mascotas, adopción/cruza, mensajería, componente de IA), de forma que una modificación en un módulo no requiera cambios en más del 10 % de los archivos de otro módulo, en línea con RD-05.",No ambiguo,Ninguno,"Se identifica que incluye una métrica, umbral, plataforma o condición objetiva que permite comprobar su cumplimiento.",5,Experto 3,28/07/2026
REQ-26,RF-22,RF,"El sistema deberá permitir mantener un contacto periódico entre adoptante y propietario original tras completarse una adopción, registrando un compromiso firmado y el estado del seguimiento.",Ambiguo,Cuantificador vago,"La expresión «contacto periódico» no establece frecuencia, duración ni eventos mínimos del seguimiento post-adopción.",4,Experto 1,28/07/2026
REQ-26,RF-22,RF,"El sistema deberá permitir mantener un contacto periódico entre adoptante y propietario original tras completarse una adopción, registrando un compromiso firmado y el estado del seguimiento.",Ambiguo,Cuantificador vago,"Se observa que la expresión «contacto periódico» no establece frecuencia, duración ni eventos mínimos del seguimiento post-adopción.",4,Experto 2,28/07/2026
REQ-26,RF-22,RF,"El sistema deberá permitir mantener un contacto periódico entre adoptante y propietario original tras completarse una adopción, registrando un compromiso firmado y el estado del seguimiento.",Ambiguo,Cuantificador vago,"La redacción presenta ambigüedad porque la expresión «contacto periódico» no establece frecuencia, duración ni eventos mínimos del seguimiento post-adopción.",4,Experto 3,28/07/2026
REQ-27,RNF-09,RNF,"El sistema deberá integrarse con servicios externos de mensajería (WhatsApp Business API) para el envío de recordatorios de controles preventivos (RF-10), garantizando la entrega correcta del mensaje sin duplicarlo ni perderlo.",No ambiguo,Ninguno,"La integración, el canal y la condición de no duplicación ni pérdida están expresados y pueden verificarse mediante pruebas de envío.",4,Experto 1,28/07/2026
REQ-27,RNF-09,RNF,"El sistema deberá integrarse con servicios externos de mensajería (WhatsApp Business API) para el envío de recordatorios de controles preventivos (RF-10), garantizando la entrega correcta del mensaje sin duplicarlo ni perderlo.",No ambiguo,Ninguno,"Considero que la integración, el canal y la condición de no duplicación ni pérdida están expresados y pueden verificarse mediante pruebas de envío.",4,Experto 2,28/07/2026
REQ-27,RNF-09,RNF,"El sistema deberá integrarse con servicios externos de mensajería (WhatsApp Business API) para el envío de recordatorios de controles preventivos (RF-10), garantizando la entrega correcta del mensaje sin duplicarlo ni perderlo.",Ambiguo,Requisito no verificable / incompleto,"La redacción presenta ambigüedad porque la «entrega correcta» no define tiempo máximo, acuse de recibo ni condición objetiva para declarar éxito o pérdida.",3,Experto 3,28/07/2026
REQ-28,RD-03,RD,El sistema deberá permitir que la validación de la información médica sea realizada únicamente por veterinarias autorizadas.,No ambiguo,Ninguno,"La restricción técnica u organizativa establece un mecanismo, tecnología o condición concreta aplicable al diseño.",5,Experto 1,28/07/2026
REQ-28,RD-03,RD,El sistema deberá permitir que la validación de la información médica sea realizada únicamente por veterinarias autorizadas.,No ambiguo,Ninguno,"Considero que la restricción técnica u organizativa establece un mecanismo, tecnología o condición concreta aplicable al diseño.",5,Experto 2,28/07/2026
REQ-28,RD-03,RD,El sistema deberá permitir que la validación de la información médica sea realizada únicamente por veterinarias autorizadas.,No ambiguo,Ninguno,"Se identifica que la restricción técnica u organizativa establece un mecanismo, tecnología o condición concreta aplicable al diseño.",5,Experto 3,28/07/2026
REQ-29,RF-04,RF,"El sistema deberá permitir buscar mascotas aplicando filtros como especie, raza, edad, ubicación, estado de salud, tamaño, temperamento y disponibilidad para adopción o cruza.",No ambiguo,Ninguno,"La función, los datos o condiciones principales y el resultado esperado están suficientemente delimitados para diseñar una prueba funcional.",5,Experto 1,28/07/2026
REQ-29,RF-04,RF,"El sistema deberá permitir buscar mascotas aplicando filtros como especie, raza, edad, ubicación, estado de salud, tamaño, temperamento y disponibilidad para adopción o cruza.",No ambiguo,Ninguno,"Considero que la función, los datos o condiciones principales y el resultado esperado están suficientemente delimitados para diseñar una prueba funcional.",5,Experto 2,28/07/2026
REQ-29,RF-04,RF,"El sistema deberá permitir buscar mascotas aplicando filtros como especie, raza, edad, ubicación, estado de salud, tamaño, temperamento y disponibilidad para adopción o cruza.",No ambiguo,Ninguno,"Se identifica que la función, los datos o condiciones principales y el resultado esperado están suficientemente delimitados para diseñar una prueba funcional.",5,Experto 3,28/07/2026
REQ-30,RD-05,RD,"El sistema deberá organizarse en módulos independientes para facilitar el mantenimiento y la incorporación de nuevas funcionalidades, como componentes de inteligencia artificial o nuevos procesos relacionados con mascotas.",Ambiguo,Terminología imprecisa,Los conceptos «módulos independientes» y «facilitar el mantenimiento» no incluyen criterios técnicos para medir el desacoplamiento.,4,Experto 1,28/07/2026
REQ-30,RD-05,RD,"El sistema deberá organizarse en módulos independientes para facilitar el mantenimiento y la incorporación de nuevas funcionalidades, como componentes de inteligencia artificial o nuevos procesos relacionados con mascotas.",Ambiguo,Terminología imprecisa,Se observa que los conceptos «módulos independientes» y «facilitar el mantenimiento» no incluyen criterios técnicos para medir el desacoplamiento.,4,Experto 2,28/07/2026
REQ-30,RD-05,RD,"El sistema deberá organizarse en módulos independientes para facilitar el mantenimiento y la incorporación de nuevas funcionalidades, como componentes de inteligencia artificial o nuevos procesos relacionados con mascotas.",Ambiguo,Terminología imprecisa,La redacción presenta ambigüedad porque los conceptos «módulos independientes» y «facilitar el mantenimiento» no incluyen criterios técnicos para medir el desacoplamiento.,4,Experto 3,28/07/2026
REQ-31,RF-10,RF,"El sistema deberá generar recordatorios por notificación en la aplicación y WhatsApp para informar al propietario sobre próximas vacunas, desparasitaciones y controles veterinarios, enviándolos con una semana y un día de anticipación.",No ambiguo,Ninguno,"La función, los datos o condiciones principales y el resultado esperado están suficientemente delimitados para diseñar una prueba funcional.",5,Experto 1,28/07/2026
REQ-31,RF-10,RF,"El sistema deberá generar recordatorios por notificación en la aplicación y WhatsApp para informar al propietario sobre próximas vacunas, desparasitaciones y controles veterinarios, enviándolos con una semana y un día de anticipación.",No ambiguo,Ninguno,"Considero que la función, los datos o condiciones principales y el resultado esperado están suficientemente delimitados para diseñar una prueba funcional.",5,Experto 2,28/07/2026
REQ-31,RF-10,RF,"El sistema deberá generar recordatorios por notificación en la aplicación y WhatsApp para informar al propietario sobre próximas vacunas, desparasitaciones y controles veterinarios, enviándolos con una semana y un día de anticipación.",No ambiguo,Ninguno,"Se identifica que la función, los datos o condiciones principales y el resultado esperado están suficientemente delimitados para diseñar una prueba funcional.",5,Experto 3,28/07/2026
REQ-32,RD-09,RD,"El equipo deberá anonimizar o seudonimizar las transcripciones, videos y respuestas de cuestionario antes de incluirlas en el conjunto de datos abierto (Zenodo/OSF), removiendo identificadores directos del propietario.",Ambiguo,Terminología imprecisa,Plantea «anonimizar o seudonimizar» sin indicar cuándo aplicar cada técnica ni qué identificadores deben retirarse.,4,Experto 1,28/07/2026
REQ-32,RD-09,RD,"El equipo deberá anonimizar o seudonimizar las transcripciones, videos y respuestas de cuestionario antes de incluirlas en el conjunto de datos abierto (Zenodo/OSF), removiendo identificadores directos del propietario.",Ambiguo,Terminología imprecisa,Se observa que plantea «anonimizar o seudonimizar» sin indicar cuándo aplicar cada técnica ni qué identificadores deben retirarse.,4,Experto 2,28/07/2026
REQ-32,RD-09,RD,"El equipo deberá anonimizar o seudonimizar las transcripciones, videos y respuestas de cuestionario antes de incluirlas en el conjunto de datos abierto (Zenodo/OSF), removiendo identificadores directos del propietario.",Ambiguo,Terminología imprecisa,La redacción presenta ambigüedad porque plantea «anonimizar o seudonimizar» sin indicar cuándo aplicar cada técnica ni qué identificadores deben retirarse.,4,Experto 3,28/07/2026
REQ-33,RF-06,RF,"El sistema deberá evaluar la compatibilidad entre dos mascotas registradas para procesos de cruza, considerando su raza, edad, estado de salud, antecedentes genéticos, parentesco, comportamiento e historial médico.",Ambiguo,Requisito no verificable / incompleto,"Enumera factores de compatibilidad, pero no define el método, la escala ni el resultado mínimo esperado para comprobar la evaluación.",4,Experto 1,28/07/2026
REQ-33,RF-06,RF,"El sistema deberá evaluar la compatibilidad entre dos mascotas registradas para procesos de cruza, considerando su raza, edad, estado de salud, antecedentes genéticos, parentesco, comportamiento e historial médico.",Ambiguo,Requisito no verificable / incompleto,"Se observa que enumera factores de compatibilidad, pero no define el método, la escala ni el resultado mínimo esperado para comprobar la evaluación.",4,Experto 2,28/07/2026
REQ-33,RF-06,RF,"El sistema deberá evaluar la compatibilidad entre dos mascotas registradas para procesos de cruza, considerando su raza, edad, estado de salud, antecedentes genéticos, parentesco, comportamiento e historial médico.",Ambiguo,Requisito no verificable / incompleto,"La redacción presenta ambigüedad porque enumera factores de compatibilidad, pero no define el método, la escala ni el resultado mínimo esperado para comprobar la evaluación.",4,Experto 3,28/07/2026
REQ-34,RF-01,RF,"El sistema deberá permitir al propietario registrar una mascota ingresando su información general, incluyendo nombre, especie, raza, sexo, edad, estado reproductivo y fotografías para su identificación dentro de la plataforma.",No ambiguo,Ninguno,"La función, los datos o condiciones principales y el resultado esperado están suficientemente delimitados para diseñar una prueba funcional.",5,Experto 1,28/07/2026
REQ-34,RF-01,RF,"El sistema deberá permitir al propietario registrar una mascota ingresando su información general, incluyendo nombre, especie, raza, sexo, edad, estado reproductivo y fotografías para su identificación dentro de la plataforma.",No ambiguo,Ninguno,"Considero que la función, los datos o condiciones principales y el resultado esperado están suficientemente delimitados para diseñar una prueba funcional.",5,Experto 2,28/07/2026
REQ-34,RF-01,RF,"El sistema deberá permitir al propietario registrar una mascota ingresando su información general, incluyendo nombre, especie, raza, sexo, edad, estado reproductivo y fotografías para su identificación dentro de la plataforma.",No ambiguo,Ninguno,"Se identifica que la función, los datos o condiciones principales y el resultado esperado están suficientemente delimitados para diseñar una prueba funcional.",5,Experto 3,28/07/2026
REQ-35,RF-16,RF,"El sistema deberá permitir registrar y consultar los antecedentes genéticos y el grado de parentesco de una mascota, incluyendo información sobre enfermedades hereditarias y linaje para apoyar los procesos de cruza responsable y la evaluación de compatibilidad.",No ambiguo,Ninguno,"Se especifican los datos que deben registrarse —linaje, enfermedades hereditarias y parentesco— y su uso previsto.",4,Experto 1,28/07/2026
REQ-35,RF-16,RF,"El sistema deberá permitir registrar y consultar los antecedentes genéticos y el grado de parentesco de una mascota, incluyendo información sobre enfermedades hereditarias y linaje para apoyar los procesos de cruza responsable y la evaluación de compatibilidad.",No ambiguo,Ninguno,"Considero que se especifican los datos que deben registrarse —linaje, enfermedades hereditarias y parentesco— y su uso previsto.",4,Experto 2,28/07/2026
REQ-35,RF-16,RF,"El sistema deberá permitir registrar y consultar los antecedentes genéticos y el grado de parentesco de una mascota, incluyendo información sobre enfermedades hereditarias y linaje para apoyar los procesos de cruza responsable y la evaluación de compatibilidad.",Ambiguo,Terminología imprecisa,"La redacción presenta ambigüedad porque no define cómo se representará ni calculará el «grado de parentesco», lo que admite interpretaciones distintas.",3,Experto 3,28/07/2026
REQ-36,RNF-04,RNF,"La interfaz del sistema deberá permitir que al menos el 90 % de los usuarios completen las tareas principales (registrar una mascota, consultar su información y enviar solicitudes de adopción o cruza) sin necesidad de capacitación previa, y alcanzar una puntuación media ≥ 80/100 en la escala System Usability Scale (SUS).",No ambiguo,Ninguno,"Incluye una métrica, umbral, plataforma o condición objetiva que permite comprobar su cumplimiento.",5,Experto 1,28/07/2026
REQ-36,RNF-04,RNF,"La interfaz del sistema deberá permitir que al menos el 90 % de los usuarios completen las tareas principales (registrar una mascota, consultar su información y enviar solicitudes de adopción o cruza) sin necesidad de capacitación previa, y alcanzar una puntuación media ≥ 80/100 en la escala System Usability Scale (SUS).",No ambiguo,Ninguno,"Considero que incluye una métrica, umbral, plataforma o condición objetiva que permite comprobar su cumplimiento.",5,Experto 2,28/07/2026
REQ-36,RNF-04,RNF,"La interfaz del sistema deberá permitir que al menos el 90 % de los usuarios completen las tareas principales (registrar una mascota, consultar su información y enviar solicitudes de adopción o cruza) sin necesidad de capacitación previa, y alcanzar una puntuación media ≥ 80/100 en la escala System Usability Scale (SUS).",No ambiguo,Ninguno,"Se identifica que incluye una métrica, umbral, plataforma o condición objetiva que permite comprobar su cumplimiento.",5,Experto 3,28/07/2026
REQ-37,RNF-07,RNF,El componente de inteligencia artificial deberá clasificar correctamente al menos el 95 % de las imágenes cargadas como válidas o inválidas según el tipo de fotografía esperado.,Ambiguo,Terminología imprecisa,La categoría «tipo de fotografía esperado» no está operacionalizada ni se indica el conjunto de referencia para medir el 95 %.,3,Experto 1,28/07/2026
REQ-37,RNF-07,RNF,El componente de inteligencia artificial deberá clasificar correctamente al menos el 95 % de las imágenes cargadas como válidas o inválidas según el tipo de fotografía esperado.,No ambiguo,Ninguno,"Considero que establece un umbral del 95 % y dos clases de salida, por lo que puede validarse con un conjunto de imágenes etiquetadas.",4,Experto 2,28/07/2026
REQ-37,RNF-07,RNF,El componente de inteligencia artificial deberá clasificar correctamente al menos el 95 % de las imágenes cargadas como válidas o inválidas según el tipo de fotografía esperado.,No ambiguo,Ninguno,"Se identifica que establece un umbral del 95 % y dos clases de salida, por lo que puede validarse con un conjunto de imágenes etiquetadas.",4,Experto 3,28/07/2026
REQ-38,RNF-16,RNF,"El sistema deberá ocultar por defecto la ubicación exacta y los datos de contacto directo del propietario, mostrando únicamente una zona aproximada (radio ≥ 1 km) a usuarios no autorizados, en cumplimiento del principio de minimización de la LOPDP.",No ambiguo,Ninguno,"Incluye una métrica, umbral, plataforma o condición objetiva que permite comprobar su cumplimiento.",5,Experto 1,28/07/2026
REQ-38,RNF-16,RNF,"El sistema deberá ocultar por defecto la ubicación exacta y los datos de contacto directo del propietario, mostrando únicamente una zona aproximada (radio ≥ 1 km) a usuarios no autorizados, en cumplimiento del principio de minimización de la LOPDP.",No ambiguo,Ninguno,"Considero que incluye una métrica, umbral, plataforma o condición objetiva que permite comprobar su cumplimiento.",5,Experto 2,28/07/2026
REQ-38,RNF-16,RNF,"El sistema deberá ocultar por defecto la ubicación exacta y los datos de contacto directo del propietario, mostrando únicamente una zona aproximada (radio ≥ 1 km) a usuarios no autorizados, en cumplimiento del principio de minimización de la LOPDP.",No ambiguo,Ninguno,"Se identifica que incluye una métrica, umbral, plataforma o condición objetiva que permite comprobar su cumplimiento.",5,Experto 3,28/07/2026
REQ-39,RNF-12,RNF,"El sistema deberá soportar el incremento de usuarios concurrentes sin degradar significativamente el tiempo de respuesta definido en RNF-03, permitiendo escalar horizontalmente los servidores de aplicación.",Ambiguo,Cuantificador vago,La expresión «sin degradar significativamente» no fija un porcentaje de degradación permitido respecto de RNF-03.,4,Experto 1,28/07/2026
REQ-39,RNF-12,RNF,"El sistema deberá soportar el incremento de usuarios concurrentes sin degradar significativamente el tiempo de respuesta definido en RNF-03, permitiendo escalar horizontalmente los servidores de aplicación.",Ambiguo,Cuantificador vago,Se observa que la expresión «sin degradar significativamente» no fija un porcentaje de degradación permitido respecto de RNF-03.,4,Experto 2,28/07/2026
REQ-39,RNF-12,RNF,"El sistema deberá soportar el incremento de usuarios concurrentes sin degradar significativamente el tiempo de respuesta definido en RNF-03, permitiendo escalar horizontalmente los servidores de aplicación.",Ambiguo,Cuantificador vago,La redacción presenta ambigüedad porque la expresión «sin degradar significativamente» no fija un porcentaje de degradación permitido respecto de RNF-03.,4,Experto 3,28/07/2026
REQ-40,RNF-02,RNF,"El sistema deberá mantenerse disponible para los usuarios con una disponibilidad mínima del 99 % mensual, permitiendo el acceso continuo a sus funcionalidades durante la operación normal de la plataforma.",No ambiguo,Ninguno,"Incluye una métrica, umbral, plataforma o condición objetiva que permite comprobar su cumplimiento.",5,Experto 1,28/07/2026
REQ-40,RNF-02,RNF,"El sistema deberá mantenerse disponible para los usuarios con una disponibilidad mínima del 99 % mensual, permitiendo el acceso continuo a sus funcionalidades durante la operación normal de la plataforma.",No ambiguo,Ninguno,"Considero que incluye una métrica, umbral, plataforma o condición objetiva que permite comprobar su cumplimiento.",5,Experto 2,28/07/2026
REQ-40,RNF-02,RNF,"El sistema deberá mantenerse disponible para los usuarios con una disponibilidad mínima del 99 % mensual, permitiendo el acceso continuo a sus funcionalidades durante la operación normal de la plataforma.",No ambiguo,Ninguno,"Se identifica que incluye una métrica, umbral, plataforma o condición objetiva que permite comprobar su cumplimiento.",5,Experto 3,28/07/2026
REQ-41,RNF-11,RNF,"La plataforma web deberá funcionar correctamente en los navegadores Chrome, Firefox y Safari (dos últimas versiones estables) y adaptarse de forma responsiva a pantallas móviles y de escritorio.",No ambiguo,Ninguno,"Incluye una métrica, umbral, plataforma o condición objetiva que permite comprobar su cumplimiento.",5,Experto 1,28/07/2026
REQ-41,RNF-11,RNF,"La plataforma web deberá funcionar correctamente en los navegadores Chrome, Firefox y Safari (dos últimas versiones estables) y adaptarse de forma responsiva a pantallas móviles y de escritorio.",No ambiguo,Ninguno,"Considero que incluye una métrica, umbral, plataforma o condición objetiva que permite comprobar su cumplimiento.",5,Experto 2,28/07/2026
REQ-41,RNF-11,RNF,"La plataforma web deberá funcionar correctamente en los navegadores Chrome, Firefox y Safari (dos últimas versiones estables) y adaptarse de forma responsiva a pantallas móviles y de escritorio.",No ambiguo,Ninguno,"Se identifica que incluye una métrica, umbral, plataforma o condición objetiva que permite comprobar su cumplimiento.",5,Experto 3,28/07/2026
REQ-42,RNF-15,RNF,"Cuando un mensaje sea marcado como inapropiado por el componente de moderación automática, el sistema deberá notificar la categoría de infracción detectada (lenguaje ofensivo, spam, solicitud de pago externo) mediante una explicación por ejemplos, antes de bloquear el envío.",No ambiguo,Ninguno,"Incluye una métrica, umbral, plataforma o condición objetiva que permite comprobar su cumplimiento.",5,Experto 1,28/07/2026
REQ-42,RNF-15,RNF,"Cuando un mensaje sea marcado como inapropiado por el componente de moderación automática, el sistema deberá notificar la categoría de infracción detectada (lenguaje ofensivo, spam, solicitud de pago externo) mediante una explicación por ejemplos, antes de bloquear el envío.",No ambiguo,Ninguno,"Considero que incluye una métrica, umbral, plataforma o condición objetiva que permite comprobar su cumplimiento.",5,Experto 2,28/07/2026
REQ-42,RNF-15,RNF,"Cuando un mensaje sea marcado como inapropiado por el componente de moderación automática, el sistema deberá notificar la categoría de infracción detectada (lenguaje ofensivo, spam, solicitud de pago externo) mediante una explicación por ejemplos, antes de bloquear el envío.",No ambiguo,Ninguno,"Se identifica que incluye una métrica, umbral, plataforma o condición objetiva que permite comprobar su cumplimiento.",5,Experto 3,28/07/2026
REQ-43,RNF-14,RNF,"Cuando una imagen sea rechazada por el componente de inteligencia artificial, el sistema deberá informar el motivo específico (contenido inapropiado, imagen borrosa, tipo de fotografía incorrecto) mediante una explicación por contraste, en un máximo de 30 palabras.",No ambiguo,Ninguno,"Incluye una métrica, umbral, plataforma o condición objetiva que permite comprobar su cumplimiento.",5,Experto 1,28/07/2026
REQ-43,RNF-14,RNF,"Cuando una imagen sea rechazada por el componente de inteligencia artificial, el sistema deberá informar el motivo específico (contenido inapropiado, imagen borrosa, tipo de fotografía incorrecto) mediante una explicación por contraste, en un máximo de 30 palabras.",No ambiguo,Ninguno,"Considero que incluye una métrica, umbral, plataforma o condición objetiva que permite comprobar su cumplimiento.",5,Experto 2,28/07/2026
REQ-43,RNF-14,RNF,"Cuando una imagen sea rechazada por el componente de inteligencia artificial, el sistema deberá informar el motivo específico (contenido inapropiado, imagen borrosa, tipo de fotografía incorrecto) mediante una explicación por contraste, en un máximo de 30 palabras.",No ambiguo,Ninguno,"Se identifica que incluye una métrica, umbral, plataforma o condición objetiva que permite comprobar su cumplimiento.",5,Experto 3,28/07/2026
REQ-44,RF-15,RF,"El sistema deberá permitir al propietario consultar el historial de solicitudes y procesos de adopción y cruza asociados a sus mascotas, incluyendo su estado y fecha de realización.",No ambiguo,Ninguno,"La función, los datos o condiciones principales y el resultado esperado están suficientemente delimitados para diseñar una prueba funcional.",5,Experto 1,28/07/2026
REQ-44,RF-15,RF,"El sistema deberá permitir al propietario consultar el historial de solicitudes y procesos de adopción y cruza asociados a sus mascotas, incluyendo su estado y fecha de realización.",No ambiguo,Ninguno,"Considero que la función, los datos o condiciones principales y el resultado esperado están suficientemente delimitados para diseñar una prueba funcional.",5,Experto 2,28/07/2026
REQ-44,RF-15,RF,"El sistema deberá permitir al propietario consultar el historial de solicitudes y procesos de adopción y cruza asociados a sus mascotas, incluyendo su estado y fecha de realización.",No ambiguo,Ninguno,"Se identifica que la función, los datos o condiciones principales y el resultado esperado están suficientemente delimitados para diseñar una prueba funcional.",5,Experto 3,28/07/2026
REQ-45,RF-07,RF,El sistema deberá permitir la comunicación entre propietarios e interesados mediante mensajes para coordinar procesos de adopción y cruza.,Ambiguo,Requisito no verificable / incompleto,"No establece condiciones de habilitación, estados del mensaje, entrega ni criterios para comprobar que la mensajería funciona correctamente.",4,Experto 1,28/07/2026
REQ-45,RF-07,RF,El sistema deberá permitir la comunicación entre propietarios e interesados mediante mensajes para coordinar procesos de adopción y cruza.,Ambiguo,Requisito no verificable / incompleto,"Se observa que no establece condiciones de habilitación, estados del mensaje, entrega ni criterios para comprobar que la mensajería funciona correctamente.",4,Experto 2,28/07/2026
REQ-45,RF-07,RF,El sistema deberá permitir la comunicación entre propietarios e interesados mediante mensajes para coordinar procesos de adopción y cruza.,Ambiguo,Requisito no verificable / incompleto,"La redacción presenta ambigüedad porque no establece condiciones de habilitación, estados del mensaje, entrega ni criterios para comprobar que la mensajería funciona correctamente.",4,Experto 3,28/07/2026
REQ-46,RD-01,RD,El sistema deberá incorporar componentes de inteligencia artificial para la evaluación de compatibilidad entre mascotas y la validación de imágenes cargadas por los usuarios.,No ambiguo,Ninguno,La restricción establece de forma directa que deben incorporarse componentes de IA para dos funciones concretas.,4,Experto 1,28/07/2026
REQ-46,RD-01,RD,El sistema deberá incorporar componentes de inteligencia artificial para la evaluación de compatibilidad entre mascotas y la validación de imágenes cargadas por los usuarios.,No ambiguo,Ninguno,Considero que la restricción establece de forma directa que deben incorporarse componentes de IA para dos funciones concretas.,4,Experto 2,28/07/2026
REQ-46,RD-01,RD,El sistema deberá incorporar componentes de inteligencia artificial para la evaluación de compatibilidad entre mascotas y la validación de imágenes cargadas por los usuarios.,Ambiguo,Requisito no verificable / incompleto,"La redacción presenta ambigüedad porque indica incorporar IA, pero no precisa interfaces, responsabilidades ni criterios mínimos de integración de los componentes.",3,Experto 3,28/07/2026
REQ-47,RD-07,RD,"El sistema deberá contar con un mecanismo de detección y registro de incidentes de seguridad que permita notificar a la Autoridad de Protección de Datos Personales en un máximo de 5 días y al titular afectado en un máximo de 3 días, cuando el incidente comprometa sus derechos.",No ambiguo,Ninguno,"La restricción técnica u organizativa establece un mecanismo, tecnología o condición concreta aplicable al diseño.",5,Experto 1,28/07/2026
REQ-47,RD-07,RD,"El sistema deberá contar con un mecanismo de detección y registro de incidentes de seguridad que permita notificar a la Autoridad de Protección de Datos Personales en un máximo de 5 días y al titular afectado en un máximo de 3 días, cuando el incidente comprometa sus derechos.",No ambiguo,Ninguno,"Considero que la restricción técnica u organizativa establece un mecanismo, tecnología o condición concreta aplicable al diseño.",5,Experto 2,28/07/2026
REQ-47,RD-07,RD,"El sistema deberá contar con un mecanismo de detección y registro de incidentes de seguridad que permita notificar a la Autoridad de Protección de Datos Personales en un máximo de 5 días y al titular afectado en un máximo de 3 días, cuando el incidente comprometa sus derechos.",No ambiguo,Ninguno,"Se identifica que la restricción técnica u organizativa establece un mecanismo, tecnología o condición concreta aplicable al diseño.",5,Experto 3,28/07/2026
REQ-48,RNF-08,RNF,"El sistema deberá reflejar las actualizaciones realizadas sobre la información de mascotas, historiales médicos y publicaciones en un tiempo máximo de 5 segundos, garantizando que los usuarios consulten información actualizada.",No ambiguo,Ninguno,"Incluye una métrica, umbral, plataforma o condición objetiva que permite comprobar su cumplimiento.",5,Experto 1,28/07/2026
REQ-48,RNF-08,RNF,"El sistema deberá reflejar las actualizaciones realizadas sobre la información de mascotas, historiales médicos y publicaciones en un tiempo máximo de 5 segundos, garantizando que los usuarios consulten información actualizada.",No ambiguo,Ninguno,"Considero que incluye una métrica, umbral, plataforma o condición objetiva que permite comprobar su cumplimiento.",5,Experto 2,28/07/2026
REQ-48,RNF-08,RNF,"El sistema deberá reflejar las actualizaciones realizadas sobre la información de mascotas, historiales médicos y publicaciones en un tiempo máximo de 5 segundos, garantizando que los usuarios consulten información actualizada.",No ambiguo,Ninguno,"Se identifica que incluye una métrica, umbral, plataforma o condición objetiva que permite comprobar su cumplimiento.",5,Experto 3,28/07/2026
REQ-49,RF-21,RF,El sistema deberá permitir registrar y consultar el número de microchip de identificación de una mascota como parte de su perfil.,No ambiguo,Ninguno,"La función, los datos o condiciones principales y el resultado esperado están suficientemente delimitados para diseñar una prueba funcional.",5,Experto 1,28/07/2026
REQ-49,RF-21,RF,El sistema deberá permitir registrar y consultar el número de microchip de identificación de una mascota como parte de su perfil.,No ambiguo,Ninguno,"Considero que la función, los datos o condiciones principales y el resultado esperado están suficientemente delimitados para diseñar una prueba funcional.",5,Experto 2,28/07/2026
REQ-49,RF-21,RF,El sistema deberá permitir registrar y consultar el número de microchip de identificación de una mascota como parte de su perfil.,No ambiguo,Ninguno,"Se identifica que la función, los datos o condiciones principales y el resultado esperado están suficientemente delimitados para diseñar una prueba funcional.",5,Experto 3,28/07/2026
REQ-50,RF-08,RF,El sistema deberá permitir que los propietarios soliciten procesos de cruza entre mascotas y que el propietario de la otra mascota pueda aceptar o rechazar la solicitud con base en la información disponible.,Ambiguo,Conjunción múltiple,"Reúne la creación de la solicitud y su aceptación o rechazo, y además usa la expresión abierta «información disponible».",4,Experto 1,28/07/2026
REQ-50,RF-08,RF,El sistema deberá permitir que los propietarios soliciten procesos de cruza entre mascotas y que el propietario de la otra mascota pueda aceptar o rechazar la solicitud con base en la información disponible.,Ambiguo,Conjunción múltiple,"Se observa que reúne la creación de la solicitud y su aceptación o rechazo, y además usa la expresión abierta «información disponible».",4,Experto 2,28/07/2026
REQ-50,RF-08,RF,El sistema deberá permitir que los propietarios soliciten procesos de cruza entre mascotas y que el propietario de la otra mascota pueda aceptar o rechazar la solicitud con base en la información disponible.,Ambiguo,Conjunción múltiple,"La redacción presenta ambigüedad porque reúne la creación de la solicitud y su aceptación o rechazo, y además usa la expresión abierta «información disponible».",4,Experto 3,28/07/2026
